arm_a,arm_b,n01,n10,p_value,p_value_holm,status
EfficientNet,EfficientNet+GLCM,41,41,0.912067,1.0,Not Significant
EfficientNet,EfficientNet+LBP,46,36,0.320279,1.0,Not Significant
EfficientNet,EfficientNet+HOG-PCA,42,30,0.194851,1.0,Not Significant
EfficientNet,EfficientNet+LAB,40,35,0.644167,1.0,Not Significant
EfficientNet,EfficientNet+GLCM+LBP,42,40,0.912067,1.0,Not Significant
EfficientNet,EfficientNet+GLCM+LBP+HOG-PCA+LAB,50,38,0.240955,1.0,Not Significant
EfficientNet,EfficientNet+GLCM+LBP+LAB,46,30,0.08532,1.0,Not Significant
EfficientNet+GLCM,EfficientNet+LBP,50,40,0.342782,1.0,Not Significant
EfficientNet+GLCM,EfficientNet+HOG-PCA,48,36,0.230062,1.0,Not Significant
EfficientNet+GLCM,EfficientNet+LAB,35,30,0.619796,1.0,Not Significant
EfficientNet+GLCM,EfficientNet+GLCM+LBP,41,39,0.910979,1.0,Not Significant
EfficientNet+GLCM,EfficientNet+GLCM+LBP+HOG-PCA+LAB,49,37,0.235559,1.0,Not Significant
EfficientNet+GLCM,EfficientNet+GLCM+LBP+LAB,44,28,0.0771,1.0,Not Significant
EfficientNet+LBP,EfficientNet+HOG-PCA,42,40,0.912067,1.0,Not Significant
EfficientNet+LBP,EfficientNet+LAB,39,44,0.66062,1.0,Not Significant
EfficientNet+LBP,EfficientNet+GLCM+LBP,41,49,0.460597,1.0,Not Significant
EfficientNet+LBP,EfficientNet+GLCM+LBP+HOG-PCA+LAB,47,45,0.916965,1.0,Not Significant
EfficientNet+LBP,EfficientNet+GLCM+LBP+LAB,47,41,0.594032,1.0,Not Significant
EfficientNet+HOG-PCA,EfficientNet+LAB,26,33,0.434724,1.0,Not Significant
EfficientNet+HOG-PCA,EfficientNet+GLCM+LBP,32,42,0.295455,1.0,Not Significant
EfficientNet+HOG-PCA,EfficientNet+GLCM+LBP+HOG-PCA+LAB,41,41,0.912067,1.0,Not Significant
EfficientNet+HOG-PCA,EfficientNet+GLCM+LBP+LAB,39,35,0.727282,1.0,Not Significant
EfficientNet+LAB,EfficientNet+GLCM+LBP,40,43,0.826238,1.0,Not Significant
EfficientNet+LAB,EfficientNet+GLCM+LBP+HOG-PCA+LAB,43,36,0.499642,1.0,Not Significant
EfficientNet+LAB,EfficientNet+GLCM+LBP+LAB,40,29,0.228644,1.0,Not Significant
EfficientNet+GLCM+LBP,EfficientNet+GLCM+LBP+HOG-PCA+LAB,50,40,0.342782,1.0,Not Significant
EfficientNet+GLCM+LBP,EfficientNet+GLCM+LBP+LAB,52,38,0.170587,1.0,Not Significant
EfficientNet+GLCM+LBP+HOG-PCA+LAB,EfficientNet+GLCM+LBP+LAB,50,46,0.759463,1.0,Not Significant
