bin_low,bin_high,count,mean_confidence,accuracy
0.0,0.1,0,0.0,0.0
0.1,0.2,0,0.0,0.0
0.2,0.30000000000000004,2,0.29500000000000004,0.5
0.30000000000000004,0.4,18,0.36094135802469135,0.6111111111111112
0.4,0.5,47,0.44727608915906786,0.7021276595744681
0.5,0.6000000000000001,35,0.5523142857142856,0.7714285714285715
0.6000000000000001,0.7000000000000001,17,0.6405228758169935,0.9411764705882353
0.7000000000000001,0.8,3,0.7244444444444444,1.0
0.8,0.9,1,0.8933333333333333,1.0
0.9,1.0,0,0.0,0.0
