arm,experiment_id,fold,fold_id,device,accuracy,macro_f1,balanced_accuracy,weighted_f1,mcc,n_train,n_val,validation_n,selected_stage,selected_epoch,best_val_loss,checkpoint_used,checkpoint,Psoriasis_precision,Psoriasis_recall,Psoriasis_f1,Psoriasis_support,Lichen_Planus_precision,Lichen_Planus_recall,Lichen_Planus_f1,Lichen_Planus_support,Pityriasis_Rosea_precision,Pityriasis_Rosea_recall,Pityriasis_Rosea_f1,Pityriasis_Rosea_support,Seborrheic_Dermatitis_precision,Seborrheic_Dermatitis_recall,Seborrheic_Dermatitis_f1,Seborrheic_Dermatitis_support
P3-BASE,P3-BASE,0,0,GPU: NVIDIA GeForce RTX 2050,0.760870,0.739677,0.783988,0.768377,0.651363,916,230,230,2,8,0.622918,/mnt/c/Users/ASUS/Downloads/PSD_HP_AEF_CRC_PopuloNet/PSD_HP/artifacts/phase3/P3-BASE/fold_00/best_model.keras,/mnt/c/Users/ASUS/Downloads/PSD_HP_AEF_CRC_PopuloNet/PSD_HP/artifacts/phase3/P3-BASE/fold_00/best_model.keras,0.929293,0.718750,0.810573,128,0.671875,0.826923,0.741379,52,0.541667,0.812500,0.650000,32,0.736842,0.777778,0.756757,18
P3-BASE,P3-BASE,1,1,GPU: NVIDIA GeForce RTX 2050,0.751092,0.718674,0.764358,0.756382,0.628249,917,229,229,2,8,0.603617,/mnt/c/Users/ASUS/Downloads/PSD_HP_AEF_CRC_PopuloNet/PSD_HP/artifacts/phase3/P3-BASE/fold_01/best_model.keras,/mnt/c/Users/ASUS/Downloads/PSD_HP_AEF_CRC_PopuloNet/PSD_HP/artifacts/phase3/P3-BASE/fold_01/best_model.keras,0.893204,0.718750,0.796537,128,0.625000,0.784314,0.695652,51,0.700000,0.848485,0.767123,33,0.545455,0.705882,0.615385,17
P3-BASE,P3-BASE,2,2,GPU: NVIDIA GeForce RTX 2050,0.733624,0.706436,0.781017,0.738016,0.602951,917,229,229,2,9,0.658196,/mnt/c/Users/ASUS/Downloads/PSD_HP_AEF_CRC_PopuloNet/PSD_HP/artifacts/phase3/P3-BASE/fold_02/best_model.keras,/mnt/c/Users/ASUS/Downloads/PSD_HP_AEF_CRC_PopuloNet/PSD_HP/artifacts/phase3/P3-BASE/fold_02/best_model.keras,0.885714,0.726562,0.798283,128,0.620000,0.607843,0.613861,51,0.622222,0.848485,0.717949,33,0.551724,0.941176,0.695652,17
P3-BASE,P3-BASE,3,3,GPU: NVIDIA GeForce RTX 2050,0.716157,0.683787,0.735921,0.717286,0.560778,917,229,229,2,9,0.687353,/mnt/c/Users/ASUS/Downloads/PSD_HP_AEF_CRC_PopuloNet/PSD_HP/artifacts/phase3/P3-BASE/fold_03/best_model.keras,/mnt/c/Users/ASUS/Downloads/PSD_HP_AEF_CRC_PopuloNet/PSD_HP/artifacts/phase3/P3-BASE/fold_03/best_model.keras,0.803419,0.740157,0.770492,127,0.707317,0.557692,0.623656,52,0.619048,0.812500,0.702703,32,0.517241,0.833333,0.638298,18
P3-BASE,P3-BASE,4,4,GPU: NVIDIA GeForce RTX 2050,0.703057,0.700950,0.753292,0.704528,0.550075,917,229,229,2,9,0.638328,/mnt/c/Users/ASUS/Downloads/PSD_HP_AEF_CRC_PopuloNet/PSD_HP/artifacts/phase3/P3-BASE/fold_04/best_model.keras,/mnt/c/Users/ASUS/Downloads/PSD_HP_AEF_CRC_PopuloNet/PSD_HP/artifacts/phase3/P3-BASE/fold_04/best_model.keras,0.803738,0.677165,0.735043,127,0.611111,0.634615,0.622642,52,0.590909,0.812500,0.684211,32,0.666667,0.888889,0.761905,18
P3-PRE,P3-PRE,0,0,GPU: NVIDIA GeForce RTX 2050,0.665217,0.651143,0.682742,0.672674,0.499897,916,230,230,2,6,0.801721,/mnt/c/Users/ASUS/Downloads/PSD_HP_AEF_CRC_PopuloNet/PSD_HP/artifacts/phase3/P3-PRE/fold_00/best_model.keras,/mnt/c/Users/ASUS/Downloads/PSD_HP_AEF_CRC_PopuloNet/PSD_HP/artifacts/phase3/P3-PRE/fold_00/best_model.keras,0.821782,0.648438,0.724891,128,0.515625,0.634615,0.568966,52,0.520833,0.781250,0.625000,32,0.705882,0.666667,0.685714,18
P3-PRE,P3-PRE,1,1,GPU: NVIDIA GeForce RTX 2050,0.689956,0.655410,0.707118,0.698727,0.552076,917,229,229,2,7,0.754322,/mnt/c/Users/ASUS/Downloads/PSD_HP_AEF_CRC_PopuloNet/PSD_HP/artifacts/phase3/P3-PRE/fold_01/best_model.keras,/mnt/c/Users/ASUS/Downloads/PSD_HP_AEF_CRC_PopuloNet/PSD_HP/artifacts/phase3/P3-PRE/fold_01/best_model.keras,0.892473,0.648438,0.751131,128,0.550725,0.745098,0.633333,51,0.565217,0.787879,0.658228,33,0.523810,0.647059,0.578947,17
P3-PRE,P3-PRE,2,2,GPU: NVIDIA GeForce RTX 2050,0.633188,0.604859,0.677536,0.638682,0.454003,917,229,229,2,9,0.796442,/mnt/c/Users/ASUS/Downloads/PSD_HP_AEF_CRC_PopuloNet/PSD_HP/artifacts/phase3/P3-PRE/fold_02/best_model.keras,/mnt/c/Users/ASUS/Downloads/PSD_HP_AEF_CRC_PopuloNet/PSD_HP/artifacts/phase3/P3-PRE/fold_02/best_model.keras,0.796117,0.640625,0.709957,128,0.531915,0.490196,0.510204,51,0.469388,0.696970,0.560976,33,0.500000,0.882353,0.638298,17
P3-PRE,P3-PRE,3,3,GPU: NVIDIA GeForce RTX 2050,0.628821,0.596245,0.649964,0.633536,0.433626,917,229,229,2,5,0.851868,/mnt/c/Users/ASUS/Downloads/PSD_HP_AEF_CRC_PopuloNet/PSD_HP/artifacts/phase3/P3-PRE/fold_03/best_model.keras,/mnt/c/Users/ASUS/Downloads/PSD_HP_AEF_CRC_PopuloNet/PSD_HP/artifacts/phase3/P3-PRE/fold_03/best_model.keras,0.747748,0.653543,0.697479,127,0.613636,0.519231,0.562500,52,0.431818,0.593750,0.500000,32,0.500000,0.833333,0.625000,18
P3-PRE,P3-PRE,4,4,GPU: NVIDIA GeForce RTX 2050,0.681223,0.664798,0.737606,0.686751,0.533227,917,229,229,2,9,0.781182,/mnt/c/Users/ASUS/Downloads/PSD_HP_AEF_CRC_PopuloNet/PSD_HP/artifacts/phase3/P3-PRE/fold_04/best_model.keras,/mnt/c/Users/ASUS/Downloads/PSD_HP_AEF_CRC_PopuloNet/PSD_HP/artifacts/phase3/P3-PRE/fold_04/best_model.keras,0.820000,0.645669,0.722467,127,0.673469,0.634615,0.653465,52,0.490196,0.781250,0.602410,32,0.551724,0.888889,0.680851,18
P3-AUG,P3-AUG,0,0,GPU: NVIDIA GeForce RTX 2050,0.756522,0.731149,0.776175,0.763920,0.643003,916,230,230,2,9,0.626136,/mnt/c/Users/ASUS/Downloads/PSD_HP_AEF_CRC_PopuloNet/PSD_HP/artifacts/phase3/P3-AUG/fold_00/best_model.keras,/mnt/c/Users/ASUS/Downloads/PSD_HP_AEF_CRC_PopuloNet/PSD_HP/artifacts/phase3/P3-AUG/fold_00/best_model.keras,0.920000,0.718750,0.807018,128,0.682540,0.826923,0.747826,52,0.531915,0.781250,0.632911,32,0.700000,0.777778,0.736842,18
P3-AUG,P3-AUG,1,1,GPU: NVIDIA GeForce RTX 2050,0.733624,0.701256,0.747974,0.739812,0.602983,917,229,229,2,9,0.598147,/mnt/c/Users/ASUS/Downloads/PSD_HP_AEF_CRC_PopuloNet/PSD_HP/artifacts/phase3/P3-AUG/fold_01/best_model.keras,/mnt/c/Users/ASUS/Downloads/PSD_HP_AEF_CRC_PopuloNet/PSD_HP/artifacts/phase3/P3-AUG/fold_01/best_model.keras,0.882353,0.703125,0.782609,128,0.600000,0.764706,0.672414,51,0.692308,0.818182,0.750000,33,0.521739,0.705882,0.600000,17
P3-AUG,P3-AUG,2,2,GPU: NVIDIA GeForce RTX 2050,0.733624,0.706436,0.781017,0.738016,0.602951,917,229,229,2,9,0.654752,/mnt/c/Users/ASUS/Downloads/PSD_HP_AEF_CRC_PopuloNet/PSD_HP/artifacts/phase3/P3-AUG/fold_02/best_model.keras,/mnt/c/Users/ASUS/Downloads/PSD_HP_AEF_CRC_PopuloNet/PSD_HP/artifacts/phase3/P3-AUG/fold_02/best_model.keras,0.885714,0.726562,0.798283,128,0.620000,0.607843,0.613861,51,0.622222,0.848485,0.717949,33,0.551724,0.941176,0.695652,17
P3-AUG,P3-AUG,3,3,GPU: NVIDIA GeForce RTX 2050,0.720524,0.688967,0.740728,0.722188,0.568076,917,229,229,2,9,0.685068,/mnt/c/Users/ASUS/Downloads/PSD_HP_AEF_CRC_PopuloNet/PSD_HP/artifacts/phase3/P3-AUG/fold_03/best_model.keras,/mnt/c/Users/ASUS/Downloads/PSD_HP_AEF_CRC_PopuloNet/PSD_HP/artifacts/phase3/P3-AUG/fold_03/best_model.keras,0.810345,0.740157,0.773663,127,0.697674,0.576923,0.631579,52,0.634146,0.812500,0.712329,32,0.517241,0.833333,0.638298,18
P3-AUG,P3-AUG,4,4,GPU: NVIDIA GeForce RTX 2050,0.703057,0.700950,0.753292,0.704528,0.550075,917,229,229,2,9,0.635848,/mnt/c/Users/ASUS/Downloads/PSD_HP_AEF_CRC_PopuloNet/PSD_HP/artifacts/phase3/P3-AUG/fold_04/best_model.keras,/mnt/c/Users/ASUS/Downloads/PSD_HP_AEF_CRC_PopuloNet/PSD_HP/artifacts/phase3/P3-AUG/fold_04/best_model.keras,0.803738,0.677165,0.735043,127,0.611111,0.634615,0.622642,52,0.590909,0.812500,0.684211,32,0.666667,0.888889,0.761905,18
