target_class,kept_psd_id,kept_file,removed_psd_id,removed_file
Psoriasis,PSD_00000982,PSD_00000982__DermNet_psoriasis-erythrodermic-27.jpg,PSD_00001409,PSD_00001409__DermNet_psoriasis-pustular-generalized-65.jpg
Psoriasis,PSD_00000982,PSD_00000982__DermNet_psoriasis-erythrodermic-27.jpg,PSD_00001574,PSD_00001574__DermNet_Psoriasis-Hand-34.jpg
Psoriasis,PSD_00000983,PSD_00000983__DermNet_psoriasis-erythrodermic-28.jpg,PSD_00001117,PSD_00001117__DermNet_Psoriasis-Hand-33.jpg
Psoriasis,PSD_00000984,PSD_00000984__DermNet_psoriasis-erythrodermic-29.jpg,PSD_00000986,PSD_00000986__DermNet_psoriasis-erythrodermic-30.jpg
Psoriasis,PSD_00000984,PSD_00000984__DermNet_psoriasis-erythrodermic-29.jpg,PSD_00001110,PSD_00001110__DermNet_Psoriasis-Hand-27.jpg
Psoriasis,PSD_00000987,PSD_00000987__DermNet_psoriasis-erythrodermic-31.jpg,PSD_00001107,PSD_00001107__DermNet_Psoriasis-Hand-24.jpg
Psoriasis,PSD_00000988,PSD_00000988__DermNet_psoriasis-erythrodermic-32.jpg,PSD_00001106,PSD_00001106__DermNet_Psoriasis-Hand-23.jpg
Psoriasis,PSD_00000989,PSD_00000989__DermNet_psoriasis-erythrodermic-34.jpg,PSD_00001104,PSD_00001104__DermNet_Psoriasis-Hand-21.jpg
Psoriasis,PSD_00001026,PSD_00001026__DermNet_Psoriasis-Guttate-20.jpg,PSD_00001039,PSD_00001039__DermNet_Psoriasis-Guttate-36.jpg
Psoriasis,PSD_00001027,PSD_00001027__DermNet_Psoriasis-Guttate-23.jpg,PSD_00001041,PSD_00001041__DermNet_Psoriasis-Guttate-39.jpg
Psoriasis,PSD_00001028,PSD_00001028__DermNet_Psoriasis-Guttate-24.jpg,PSD_00001043,PSD_00001043__DermNet_Psoriasis-Guttate-40.jpg
Psoriasis,PSD_00001029,PSD_00001029__DermNet_Psoriasis-Guttate-25.jpg,PSD_00001044,PSD_00001044__DermNet_Psoriasis-Guttate-41.jpg
Psoriasis,PSD_00001030,PSD_00001030__DermNet_Psoriasis-Guttate-26.jpg,PSD_00001045,PSD_00001045__DermNet_Psoriasis-Guttate-42.jpg
Psoriasis,PSD_00001037,PSD_00001037__DermNet_Psoriasis-Guttate-33.jpg,PSD_00001038,PSD_00001038__DermNet_Psoriasis-Guttate-34.jpg
Psoriasis,PSD_00001095,PSD_00001095__DermNet_Psoriasis-Hand-1.jpg,PSD_00001624,PSD_00001624__DermNet_psoriasis-palms-soles-193.jpg
Psoriasis,PSD_00001101,PSD_00001101__DermNet_Psoriasis-Hand-19.jpg,PSD_00001103,PSD_00001103__DermNet_Psoriasis-Hand-20.jpg
Psoriasis,PSD_00001101,PSD_00001101__DermNet_Psoriasis-Hand-19.jpg,PSD_00001266,PSD_00001266__DermNet_psoriasis-palms-soles-137.jpg
Psoriasis,PSD_00001105,PSD_00001105__DermNet_Psoriasis-Hand-22.jpg,PSD_00001549,PSD_00001549__DermNet_psoriasis-erythrodermic-33.jpg
Psoriasis,PSD_00001108,PSD_00001108__DermNet_Psoriasis-Hand-25.jpg,PSD_00001109,PSD_00001109__DermNet_Psoriasis-Hand-26.jpg
Psoriasis,PSD_00001123,PSD_00001123__DermNet_Psoriasis-Hand-42.jpg,PSD_00001611,PSD_00001611__DermNet_psoriasis-palms-soles-125.jpg
Psoriasis,PSD_00001125,PSD_00001125__DermNet_Psoriasis-Hand-46.jpg,PSD_00001240,PSD_00001240__DermNet_psoriasis-palms-soles-103.jpg
Psoriasis,PSD_00001195,PSD_00001195__DermNet_Psoriasis-inversus-32.jpg,PSD_00001520,PSD_00001520__DermNet_PsoriasisScrotumNail.jpg
Psoriasis,PSD_00001202,PSD_00001202__DermNet_Psoriasis-Light-Sensative-1.jpg,PSD_00001207,PSD_00001207__DermNet_Psoriasis-Light-Sensative-6.jpg
Psoriasis,PSD_00001210,PSD_00001210__DermNet_Psoriasis-nails-1.jpg,PSD_00001601,PSD_00001601__DermNet_Psoriasis-nails-2.jpg
Psoriasis,PSD_00001230,PSD_00001230__DermNet_Psoriasis-nails-4.jpg,PSD_00001602,PSD_00001602__DermNet_Psoriasis-nails-3.jpg
Psoriasis,PSD_00001246,PSD_00001246__DermNet_psoriasis-palms-soles-110.jpg,PSD_00001579,PSD_00001579__DermNet_Psoriasis-Hand-44.jpg
Psoriasis,PSD_00001257,PSD_00001257__DermNet_psoriasis-palms-soles-126.jpg,PSD_00001267,PSD_00001267__DermNet_psoriasis-palms-soles-138.jpg
Psoriasis,PSD_00001304,PSD_00001304__DermNet_psoriasis-palms-soles-179.jpg,PSD_00001583,PSD_00001583__DermNet_Psoriasis-Hand-7.jpg
Psoriasis,PSD_00001323,PSD_00001323__DermNet_psoriasis-palms-soles-79.jpg,PSD_00001325,PSD_00001325__DermNet_psoriasis-palms-soles-80.jpg
Psoriasis,PSD_00001326,PSD_00001326__DermNet_psoriasis-palms-soles-82.jpg,PSD_00001625,PSD_00001625__DermNet_psoriasis-palms-soles-81.jpg
Psoriasis,PSD_00001331,PSD_00001331__DermNet_psoriasis-palms-soles-90.jpg,PSD_00001332,PSD_00001332__DermNet_psoriasis-palms-soles-91.jpg
Psoriasis,PSD_00001333,PSD_00001333__DermNet_psoriasis-palms-soles-92.jpg,PSD_00001628,PSD_00001628__DermNet_psoriasis-palms-soles-88.jpg
Psoriasis,PSD_00001349,PSD_00001349__DermNet_Psoriasis-penis-20.jpg,PSD_00001354,PSD_00001354__DermNet_Psoriasis-penis-25.jpg
Psoriasis,PSD_00001467,PSD_00001467__DermNet_psoriasis-scalp-61.jpg,PSD_00001474,PSD_00001474__DermNet_psoriasis-scalp-7.jpg
Psoriasis,PSD_00001509,PSD_00001509__DermNet_Psoriasis-treatment-3.jpg,PSD_00001513,PSD_00001513__DermNet_Psoriasis-treatment-7.jpg
Psoriasis,PSD_00001530,PSD_00001530__DermNet_Psoriasis-Chronic-Plaque-131.jpg,PSD_00001627,PSD_00001627__DermNet_psoriasis-palms-soles-87.jpg
Lichen_Planus,PSD_00000465,PSD_00000465__DermNet_lichen-planus-100.jpg,PSD_00000700,PSD_00000700__DermNet_Lichen-Planus-Hypertrophic-16.jpg
Lichen_Planus,PSD_00000505,PSD_00000505__DermNet_lichen-planus-152.jpg,PSD_00000679,PSD_00000679__DermNet_lichen-planus-157.jpg
Lichen_Planus,PSD_00000550,PSD_00000550__DermNet_lichen-planus-86.jpg,PSD_00000694,PSD_00000694__DermNet_lichen-planus-87.jpg
Lichen_Planus,PSD_00000581,PSD_00000581__DermNet_Lichen-Planus-Hypertrophic-1.jpg,PSD_00000585,PSD_00000585__DermNet_Lichen-Planus-Hypertrophic-14.jpg
Lichen_Planus,PSD_00000680,PSD_00000680__DermNet_lichen-planus-159.jpg,PSD_00000682,PSD_00000682__DermNet_lichen-planus-160.jpg
Pityriasis_Rosea,PSD_00000725,PSD_00000725__DermNet_pityriasis-rosea-112.jpg,PSD_00000745,PSD_00000745__DermNet_pityriasis-rosea-137.jpg
Pityriasis_Rosea,PSD_00000726,PSD_00000726__DermNet_pityriasis-rosea-114.jpg,PSD_00000820,PSD_00000820__DermNet_pityriasis-rosea-139.jpg
Pityriasis_Rosea,PSD_00000733,PSD_00000733__DermNet_pityriasis-rosea-124.jpg,PSD_00000737,PSD_00000737__DermNet_pityriasis-rosea-128.jpg
Pityriasis_Rosea,PSD_00000794,PSD_00000794__DermNet_pityriasis-rosea-2.jpg,PSD_00000811,PSD_00000811__DermNet_pityriasis-rosea-98.jpg
Seborrheic_Dermatitis,PSD_00001751,PSD_00001751__DermNet_seborrheic-dermatitis-78.jpg,PSD_00001755,PSD_00001755__DermNet_seborrheic-dermatitis-89.jpg
Seborrheic_Dermatitis,PSD_00001758,PSD_00001758__SkinDisNet_SD_01.jpg,PSD_00001841,PSD_00001841__SkinDisNet_SD_01_05.jpg
Seborrheic_Dermatitis,PSD_00001758,PSD_00001758__SkinDisNet_SD_01.jpg,PSD_00001842,PSD_00001842__SkinDisNet_SD_01_06.jpg
Seborrheic_Dermatitis,PSD_00001758,PSD_00001758__SkinDisNet_SD_01.jpg,PSD_00002467,PSD_00002467__SkinDisNet_SD (8).jpg
Seborrheic_Dermatitis,PSD_00001758,PSD_00001758__SkinDisNet_SD_01.jpg,PSD_00003010,PSD_00003010__SkinDisNet_SD (8)_03.jpg
Seborrheic_Dermatitis,PSD_00001758,PSD_00001758__SkinDisNet_SD_01.jpg,PSD_00003012,PSD_00003012__SkinDisNet_SD (8)_05.jpg
Seborrheic_Dermatitis,PSD_00001758,PSD_00001758__SkinDisNet_SD_01.jpg,PSD_00003013,PSD_00003013__SkinDisNet_SD (8)_06.jpg
Seborrheic_Dermatitis,PSD_00001759,PSD_00001759__SkinDisNet_SD_02.jpg,PSD_00001845,PSD_00001845__SkinDisNet_SD_02_02.jpg
Seborrheic_Dermatitis,PSD_00001759,PSD_00001759__SkinDisNet_SD_02.jpg,PSD_00001848,PSD_00001848__SkinDisNet_SD_02_05.jpg
Seborrheic_Dermatitis,PSD_00001759,PSD_00001759__SkinDisNet_SD_02.jpg,PSD_00001849,PSD_00001849__SkinDisNet_SD_02_06.jpg
Seborrheic_Dermatitis,PSD_00001759,PSD_00001759__SkinDisNet_SD_02.jpg,PSD_00002268,PSD_00002268__SkinDisNet_SD_62_05.jpg
Seborrheic_Dermatitis,PSD_00001759,PSD_00001759__SkinDisNet_SD_02.jpg,PSD_00002269,PSD_00002269__SkinDisNet_SD_62_06.jpg
Seborrheic_Dermatitis,PSD_00001759,PSD_00001759__SkinDisNet_SD_02.jpg,PSD_00002393,PSD_00002393__SkinDisNet_SD (12).jpg
Seborrheic_Dermatitis,PSD_00001759,PSD_00001759__SkinDisNet_SD_02.jpg,PSD_00002494,PSD_00002494__SkinDisNet_SD (12)_05.jpg
Seborrheic_Dermatitis,PSD_00001759,PSD_00001759__SkinDisNet_SD_02.jpg,PSD_00002495,PSD_00002495__SkinDisNet_SD (12)_06.jpg
Seborrheic_Dermatitis,PSD_00001759,PSD_00001759__SkinDisNet_SD_02.jpg,PSD_00002509,PSD_00002509__SkinDisNet_SD (14)_06.jpg
Seborrheic_Dermatitis,PSD_00001760,PSD_00001760__SkinDisNet_SD_03.jpg,PSD_00001828,PSD_00001828__SkinDisNet_SD_71.jpg
Seborrheic_Dermatitis,PSD_00001760,PSD_00001760__SkinDisNet_SD_03.jpg,PSD_00001851,PSD_00001851__SkinDisNet_SD_03_01.jpg
Seborrheic_Dermatitis,PSD_00001760,PSD_00001760__SkinDisNet_SD_03.jpg,PSD_00001855,PSD_00001855__SkinDisNet_SD_03_05.jpg
Seborrheic_Dermatitis,PSD_00001760,PSD_00001760__SkinDisNet_SD_03.jpg,PSD_00001856,PSD_00001856__SkinDisNet_SD_03_06.jpg
Seborrheic_Dermatitis,PSD_00001760,PSD_00001760__SkinDisNet_SD_03.jpg,PSD_00002331,PSD_00002331__SkinDisNet_SD_71_05.jpg
Seborrheic_Dermatitis,PSD_00001760,PSD_00001760__SkinDisNet_SD_03.jpg,PSD_00002332,PSD_00002332__SkinDisNet_SD_71_06.jpg
Seborrheic_Dermatitis,PSD_00001760,PSD_00001760__SkinDisNet_SD_03.jpg,PSD_00002457,PSD_00002457__SkinDisNet_SD (70).jpg
Seborrheic_Dermatitis,PSD_00001760,PSD_00001760__SkinDisNet_SD_03.jpg,PSD_00002458,PSD_00002458__SkinDisNet_SD (71).jpg
Seborrheic_Dermatitis,PSD_00001760,PSD_00001760__SkinDisNet_SD_03.jpg,PSD_00002940,PSD_00002940__SkinDisNet_SD (70)_03.jpg
Seborrheic_Dermatitis,PSD_00001760,PSD_00001760__SkinDisNet_SD_03.jpg,PSD_00002942,PSD_00002942__SkinDisNet_SD (70)_05.jpg
Seborrheic_Dermatitis,PSD_00001760,PSD_00001760__SkinDisNet_SD_03.jpg,PSD_00002943,PSD_00002943__SkinDisNet_SD (70)_06.jpg
Seborrheic_Dermatitis,PSD_00001760,PSD_00001760__SkinDisNet_SD_03.jpg,PSD_00002945,PSD_00002945__SkinDisNet_SD (71)_01.jpg
Seborrheic_Dermatitis,PSD_00001760,PSD_00001760__SkinDisNet_SD_03.jpg,PSD_00002949,PSD_00002949__SkinDisNet_SD (71)_05.jpg
Seborrheic_Dermatitis,PSD_00001760,PSD_00001760__SkinDisNet_SD_03.jpg,PSD_00002950,PSD_00002950__SkinDisNet_SD (71)_06.jpg
Seborrheic_Dermatitis,PSD_00001761,PSD_00001761__SkinDisNet_SD_04.jpg,PSD_00001859,PSD_00001859__SkinDisNet_SD_04_02.jpg
Seborrheic_Dermatitis,PSD_00001761,PSD_00001761__SkinDisNet_SD_04.jpg,PSD_00001860,PSD_00001860__SkinDisNet_SD_04_03.jpg
Seborrheic_Dermatitis,PSD_00001761,PSD_00001761__SkinDisNet_SD_04.jpg,PSD_00001862,PSD_00001862__SkinDisNet_SD_04_05.jpg
Seborrheic_Dermatitis,PSD_00001761,PSD_00001761__SkinDisNet_SD_04.jpg,PSD_00001863,PSD_00001863__SkinDisNet_SD_04_06.jpg
Seborrheic_Dermatitis,PSD_00001761,PSD_00001761__SkinDisNet_SD_04.jpg,PSD_00002448,PSD_00002448__SkinDisNet_SD (62).jpg
Seborrheic_Dermatitis,PSD_00001761,PSD_00001761__SkinDisNet_SD_04.jpg,PSD_00002877,PSD_00002877__SkinDisNet_SD (62)_03.jpg
Seborrheic_Dermatitis,PSD_00001761,PSD_00001761__SkinDisNet_SD_04.jpg,PSD_00002879,PSD_00002879__SkinDisNet_SD (62)_05.jpg
Seborrheic_Dermatitis,PSD_00001761,PSD_00001761__SkinDisNet_SD_04.jpg,PSD_00002880,PSD_00002880__SkinDisNet_SD (62)_06.jpg
Seborrheic_Dermatitis,PSD_00001762,PSD_00001762__SkinDisNet_SD_05.jpg,PSD_00001869,PSD_00001869__SkinDisNet_SD_05_05.jpg
Seborrheic_Dermatitis,PSD_00001762,PSD_00001762__SkinDisNet_SD_05.jpg,PSD_00001870,PSD_00001870__SkinDisNet_SD_05_06.jpg
Seborrheic_Dermatitis,PSD_00001763,PSD_00001763__SkinDisNet_SD_06.jpg,PSD_00001873,PSD_00001873__SkinDisNet_SD_06_02.jpg
Seborrheic_Dermatitis,PSD_00001763,PSD_00001763__SkinDisNet_SD_06.jpg,PSD_00001874,PSD_00001874__SkinDisNet_SD_06_03.jpg
Seborrheic_Dermatitis,PSD_00001763,PSD_00001763__SkinDisNet_SD_06.jpg,PSD_00001876,PSD_00001876__SkinDisNet_SD_06_05.jpg
Seborrheic_Dermatitis,PSD_00001763,PSD_00001763__SkinDisNet_SD_06.jpg,PSD_00001877,PSD_00001877__SkinDisNet_SD_06_06.jpg
Seborrheic_Dermatitis,PSD_00001763,PSD_00001763__SkinDisNet_SD_06.jpg,PSD_00002425,PSD_00002425__SkinDisNet_SD (41).jpg
Seborrheic_Dermatitis,PSD_00001763,PSD_00001763__SkinDisNet_SD_06.jpg,PSD_00002718,PSD_00002718__SkinDisNet_SD (41)_05.jpg
Seborrheic_Dermatitis,PSD_00001763,PSD_00001763__SkinDisNet_SD_06.jpg,PSD_00002719,PSD_00002719__SkinDisNet_SD (41)_06.jpg
Seborrheic_Dermatitis,PSD_00001764,PSD_00001764__SkinDisNet_SD_07.jpg,PSD_00001880,PSD_00001880__SkinDisNet_SD_07_02.jpg
Seborrheic_Dermatitis,PSD_00001764,PSD_00001764__SkinDisNet_SD_07.jpg,PSD_00001881,PSD_00001881__SkinDisNet_SD_07_03.jpg
Seborrheic_Dermatitis,PSD_00001764,PSD_00001764__SkinDisNet_SD_07.jpg,PSD_00001883,PSD_00001883__SkinDisNet_SD_07_05.jpg
Seborrheic_Dermatitis,PSD_00001764,PSD_00001764__SkinDisNet_SD_07.jpg,PSD_00001884,PSD_00001884__SkinDisNet_SD_07_06.jpg
Seborrheic_Dermatitis,PSD_00001764,PSD_00001764__SkinDisNet_SD_07.jpg,PSD_00002440,PSD_00002440__SkinDisNet_SD (55).jpg
Seborrheic_Dermatitis,PSD_00001764,PSD_00001764__SkinDisNet_SD_07.jpg,PSD_00002823,PSD_00002823__SkinDisNet_SD (55)_05.jpg
Seborrheic_Dermatitis,PSD_00001764,PSD_00001764__SkinDisNet_SD_07.jpg,PSD_00002824,PSD_00002824__SkinDisNet_SD (55)_06.jpg
Seborrheic_Dermatitis,PSD_00001765,PSD_00001765__SkinDisNet_SD_08.jpg,PSD_00001890,PSD_00001890__SkinDisNet_SD_08_05.jpg
Seborrheic_Dermatitis,PSD_00001765,PSD_00001765__SkinDisNet_SD_08.jpg,PSD_00001891,PSD_00001891__SkinDisNet_SD_08_06.jpg
Seborrheic_Dermatitis,PSD_00001765,PSD_00001765__SkinDisNet_SD_08.jpg,PSD_00002445,PSD_00002445__SkinDisNet_SD (6).jpg
Seborrheic_Dermatitis,PSD_00001765,PSD_00001765__SkinDisNet_SD_08.jpg,PSD_00002858,PSD_00002858__SkinDisNet_SD (6)_05.jpg
Seborrheic_Dermatitis,PSD_00001765,PSD_00001765__SkinDisNet_SD_08.jpg,PSD_00002859,PSD_00002859__SkinDisNet_SD (6)_06.jpg
Seborrheic_Dermatitis,PSD_00001766,PSD_00001766__SkinDisNet_SD_09.jpg,PSD_00001835,PSD_00001835__SkinDisNet_SD_78.jpg
Seborrheic_Dermatitis,PSD_00001766,PSD_00001766__SkinDisNet_SD_09.jpg,PSD_00001894,PSD_00001894__SkinDisNet_SD_09_02.jpg
Seborrheic_Dermatitis,PSD_00001766,PSD_00001766__SkinDisNet_SD_09.jpg,PSD_00001897,PSD_00001897__SkinDisNet_SD_09_05.jpg
Seborrheic_Dermatitis,PSD_00001766,PSD_00001766__SkinDisNet_SD_09.jpg,PSD_00001898,PSD_00001898__SkinDisNet_SD_09_06.jpg
Seborrheic_Dermatitis,PSD_00001766,PSD_00001766__SkinDisNet_SD_09.jpg,PSD_00002377,PSD_00002377__SkinDisNet_SD_78_02.jpg
Seborrheic_Dermatitis,PSD_00001766,PSD_00001766__SkinDisNet_SD_09.jpg,PSD_00002380,PSD_00002380__SkinDisNet_SD_78_05.jpg
Seborrheic_Dermatitis,PSD_00001766,PSD_00001766__SkinDisNet_SD_09.jpg,PSD_00002381,PSD_00002381__SkinDisNet_SD_78_06.jpg
Seborrheic_Dermatitis,PSD_00001766,PSD_00001766__SkinDisNet_SD_09.jpg,PSD_00002438,PSD_00002438__SkinDisNet_SD (53).jpg
Seborrheic_Dermatitis,PSD_00001766,PSD_00001766__SkinDisNet_SD_09.jpg,PSD_00002439,PSD_00002439__SkinDisNet_SD (54).jpg
Seborrheic_Dermatitis,PSD_00001766,PSD_00001766__SkinDisNet_SD_09.jpg,PSD_00002809,PSD_00002809__SkinDisNet_SD (53)_05.jpg
Seborrheic_Dermatitis,PSD_00001766,PSD_00001766__SkinDisNet_SD_09.jpg,PSD_00002810,PSD_00002810__SkinDisNet_SD (53)_06.jpg
Seborrheic_Dermatitis,PSD_00001766,PSD_00001766__SkinDisNet_SD_09.jpg,PSD_00002813,PSD_00002813__SkinDisNet_SD (54)_02.jpg
Seborrheic_Dermatitis,PSD_00001766,PSD_00001766__SkinDisNet_SD_09.jpg,PSD_00002816,PSD_00002816__SkinDisNet_SD (54)_05.jpg
Seborrheic_Dermatitis,PSD_00001766,PSD_00001766__SkinDisNet_SD_09.jpg,PSD_00002817,PSD_00002817__SkinDisNet_SD (54)_06.jpg
Seborrheic_Dermatitis,PSD_00001767,PSD_00001767__SkinDisNet_SD_10.jpg,PSD_00001901,PSD_00001901__SkinDisNet_SD_10_02.jpg
Seborrheic_Dermatitis,PSD_00001767,PSD_00001767__SkinDisNet_SD_10.jpg,PSD_00001904,PSD_00001904__SkinDisNet_SD_10_05.jpg
Seborrheic_Dermatitis,PSD_00001767,PSD_00001767__SkinDisNet_SD_10.jpg,PSD_00001905,PSD_00001905__SkinDisNet_SD_10_06.jpg
Seborrheic_Dermatitis,PSD_00001767,PSD_00001767__SkinDisNet_SD_10.jpg,PSD_00002454,PSD_00002454__SkinDisNet_SD (68).jpg
Seborrheic_Dermatitis,PSD_00001767,PSD_00001767__SkinDisNet_SD_10.jpg,PSD_00002921,PSD_00002921__SkinDisNet_SD (68)_05.jpg
Seborrheic_Dermatitis,PSD_00001767,PSD_00001767__SkinDisNet_SD_10.jpg,PSD_00002922,PSD_00002922__SkinDisNet_SD (68)_06.jpg
Seborrheic_Dermatitis,PSD_00001768,PSD_00001768__SkinDisNet_SD_11.jpg,PSD_00001911,PSD_00001911__SkinDisNet_SD_11_05.jpg
Seborrheic_Dermatitis,PSD_00001768,PSD_00001768__SkinDisNet_SD_11.jpg,PSD_00001912,PSD_00001912__SkinDisNet_SD_11_06.jpg
Seborrheic_Dermatitis,PSD_00001768,PSD_00001768__SkinDisNet_SD_11.jpg,PSD_00002419,PSD_00002419__SkinDisNet_SD (36).jpg
Seborrheic_Dermatitis,PSD_00001768,PSD_00001768__SkinDisNet_SD_11.jpg,PSD_00002676,PSD_00002676__SkinDisNet_SD (36)_05.jpg
Seborrheic_Dermatitis,PSD_00001768,PSD_00001768__SkinDisNet_SD_11.jpg,PSD_00002677,PSD_00002677__SkinDisNet_SD (36)_06.jpg
Seborrheic_Dermatitis,PSD_00001769,PSD_00001769__SkinDisNet_SD_12.jpg,PSD_00001918,PSD_00001918__SkinDisNet_SD_12_05.jpg
Seborrheic_Dermatitis,PSD_00001769,PSD_00001769__SkinDisNet_SD_12.jpg,PSD_00002433,PSD_00002433__SkinDisNet_SD (49).jpg
Seborrheic_Dermatitis,PSD_00001769,PSD_00001769__SkinDisNet_SD_12.jpg,PSD_00002774,PSD_00002774__SkinDisNet_SD (49)_05.jpg
Seborrheic_Dermatitis,PSD_00001770,PSD_00001770__SkinDisNet_SD_13.jpg,PSD_00001922,PSD_00001922__SkinDisNet_SD_13_02.jpg
Seborrheic_Dermatitis,PSD_00001770,PSD_00001770__SkinDisNet_SD_13.jpg,PSD_00001925,PSD_00001925__SkinDisNet_SD_13_05.jpg
Seborrheic_Dermatitis,PSD_00001770,PSD_00001770__SkinDisNet_SD_13.jpg,PSD_00001926,PSD_00001926__SkinDisNet_SD_13_06.jpg
Seborrheic_Dermatitis,PSD_00001770,PSD_00001770__SkinDisNet_SD_13.jpg,PSD_00002468,PSD_00002468__SkinDisNet_SD (9).jpg
Seborrheic_Dermatitis,PSD_00001770,PSD_00001770__SkinDisNet_SD_13.jpg,PSD_00003019,PSD_00003019__SkinDisNet_SD (9)_05.jpg
Seborrheic_Dermatitis,PSD_00001770,PSD_00001770__SkinDisNet_SD_13.jpg,PSD_00003020,PSD_00003020__SkinDisNet_SD (9)_06.jpg
Seborrheic_Dermatitis,PSD_00001771,PSD_00001771__SkinDisNet_SD_14.jpg,PSD_00001932,PSD_00001932__SkinDisNet_SD_14_05.jpg
Seborrheic_Dermatitis,PSD_00001771,PSD_00001771__SkinDisNet_SD_14.jpg,PSD_00001933,PSD_00001933__SkinDisNet_SD_14_06.jpg
Seborrheic_Dermatitis,PSD_00001771,PSD_00001771__SkinDisNet_SD_14.jpg,PSD_00002322,PSD_00002322__SkinDisNet_SD_70_03.jpg
Seborrheic_Dermatitis,PSD_00001771,PSD_00001771__SkinDisNet_SD_14.jpg,PSD_00002461,PSD_00002461__SkinDisNet_SD (74).jpg
Seborrheic_Dermatitis,PSD_00001771,PSD_00001771__SkinDisNet_SD_14.jpg,PSD_00002968,PSD_00002968__SkinDisNet_SD (74)_03.jpg
Seborrheic_Dermatitis,PSD_00001771,PSD_00001771__SkinDisNet_SD_14.jpg,PSD_00002970,PSD_00002970__SkinDisNet_SD (74)_05.jpg
Seborrheic_Dermatitis,PSD_00001771,PSD_00001771__SkinDisNet_SD_14.jpg,PSD_00002971,PSD_00002971__SkinDisNet_SD (74)_06.jpg
Seborrheic_Dermatitis,PSD_00001772,PSD_00001772__SkinDisNet_SD_15.jpg,PSD_00001939,PSD_00001939__SkinDisNet_SD_15_05.jpg
Seborrheic_Dermatitis,PSD_00001772,PSD_00001772__SkinDisNet_SD_15.jpg,PSD_00001940,PSD_00001940__SkinDisNet_SD_15_06.jpg
Seborrheic_Dermatitis,PSD_00001772,PSD_00001772__SkinDisNet_SD_15.jpg,PSD_00002444,PSD_00002444__SkinDisNet_SD (59).jpg
Seborrheic_Dermatitis,PSD_00001772,PSD_00001772__SkinDisNet_SD_15.jpg,PSD_00002851,PSD_00002851__SkinDisNet_SD (59)_05.jpg
Seborrheic_Dermatitis,PSD_00001772,PSD_00001772__SkinDisNet_SD_15.jpg,PSD_00002852,PSD_00002852__SkinDisNet_SD (59)_06.jpg
Seborrheic_Dermatitis,PSD_00001773,PSD_00001773__SkinDisNet_SD_16.jpg,PSD_00001946,PSD_00001946__SkinDisNet_SD_16_05.jpg
Seborrheic_Dermatitis,PSD_00001773,PSD_00001773__SkinDisNet_SD_16.jpg,PSD_00001947,PSD_00001947__SkinDisNet_SD_16_06.jpg
Seborrheic_Dermatitis,PSD_00001773,PSD_00001773__SkinDisNet_SD_16.jpg,PSD_00002450,PSD_00002450__SkinDisNet_SD (64).jpg
Seborrheic_Dermatitis,PSD_00001773,PSD_00001773__SkinDisNet_SD_16.jpg,PSD_00002889,PSD_00002889__SkinDisNet_SD (64)_01.jpg
Seborrheic_Dermatitis,PSD_00001773,PSD_00001773__SkinDisNet_SD_16.jpg,PSD_00002893,PSD_00002893__SkinDisNet_SD (64)_05.jpg
Seborrheic_Dermatitis,PSD_00001773,PSD_00001773__SkinDisNet_SD_16.jpg,PSD_00002894,PSD_00002894__SkinDisNet_SD (64)_06.jpg
Seborrheic_Dermatitis,PSD_00001774,PSD_00001774__SkinDisNet_SD_17.jpg,PSD_00001950,PSD_00001950__SkinDisNet_SD_17_02.jpg
Seborrheic_Dermatitis,PSD_00001774,PSD_00001774__SkinDisNet_SD_17.jpg,PSD_00001953,PSD_00001953__SkinDisNet_SD_17_05.jpg
Seborrheic_Dermatitis,PSD_00001774,PSD_00001774__SkinDisNet_SD_17.jpg,PSD_00001954,PSD_00001954__SkinDisNet_SD_17_06.jpg
Seborrheic_Dermatitis,PSD_00001774,PSD_00001774__SkinDisNet_SD_17.jpg,PSD_00002406,PSD_00002406__SkinDisNet_SD (24).jpg
Seborrheic_Dermatitis,PSD_00001774,PSD_00001774__SkinDisNet_SD_17.jpg,PSD_00002582,PSD_00002582__SkinDisNet_SD (24)_02.jpg
Seborrheic_Dermatitis,PSD_00001774,PSD_00001774__SkinDisNet_SD_17.jpg,PSD_00002585,PSD_00002585__SkinDisNet_SD (24)_05.jpg
Seborrheic_Dermatitis,PSD_00001774,PSD_00001774__SkinDisNet_SD_17.jpg,PSD_00002586,PSD_00002586__SkinDisNet_SD (24)_06.jpg
Seborrheic_Dermatitis,PSD_00001775,PSD_00001775__SkinDisNet_SD_18.jpg,PSD_00001960,PSD_00001960__SkinDisNet_SD_18_05.jpg
Seborrheic_Dermatitis,PSD_00001775,PSD_00001775__SkinDisNet_SD_18.jpg,PSD_00001961,PSD_00001961__SkinDisNet_SD_18_06.jpg
Seborrheic_Dermatitis,PSD_00001775,PSD_00001775__SkinDisNet_SD_18.jpg,PSD_00002466,PSD_00002466__SkinDisNet_SD (79).jpg
Seborrheic_Dermatitis,PSD_00001775,PSD_00001775__SkinDisNet_SD_18.jpg,PSD_00003002,PSD_00003002__SkinDisNet_SD (79)_02.jpg
Seborrheic_Dermatitis,PSD_00001775,PSD_00001775__SkinDisNet_SD_18.jpg,PSD_00003005,PSD_00003005__SkinDisNet_SD (79)_05.jpg
Seborrheic_Dermatitis,PSD_00001775,PSD_00001775__SkinDisNet_SD_18.jpg,PSD_00003006,PSD_00003006__SkinDisNet_SD (79)_06.jpg
Seborrheic_Dermatitis,PSD_00001776,PSD_00001776__SkinDisNet_SD_19.jpg,PSD_00001967,PSD_00001967__SkinDisNet_SD_19_05.jpg
Seborrheic_Dermatitis,PSD_00001776,PSD_00001776__SkinDisNet_SD_19.jpg,PSD_00001968,PSD_00001968__SkinDisNet_SD_19_06.jpg
Seborrheic_Dermatitis,PSD_00001776,PSD_00001776__SkinDisNet_SD_19.jpg,PSD_00002391,PSD_00002391__SkinDisNet_SD (10).jpg
Seborrheic_Dermatitis,PSD_00001776,PSD_00001776__SkinDisNet_SD_19.jpg,PSD_00002480,PSD_00002480__SkinDisNet_SD (10)_05.jpg
Seborrheic_Dermatitis,PSD_00001776,PSD_00001776__SkinDisNet_SD_19.jpg,PSD_00002481,PSD_00002481__SkinDisNet_SD (10)_06.jpg
Seborrheic_Dermatitis,PSD_00001777,PSD_00001777__SkinDisNet_SD_20.jpg,PSD_00001971,PSD_00001971__SkinDisNet_SD_20_02.jpg
Seborrheic_Dermatitis,PSD_00001777,PSD_00001777__SkinDisNet_SD_20.jpg,PSD_00001974,PSD_00001974__SkinDisNet_SD_20_05.jpg
Seborrheic_Dermatitis,PSD_00001777,PSD_00001777__SkinDisNet_SD_20.jpg,PSD_00001975,PSD_00001975__SkinDisNet_SD_20_06.jpg
Seborrheic_Dermatitis,PSD_00001777,PSD_00001777__SkinDisNet_SD_20.jpg,PSD_00002421,PSD_00002421__SkinDisNet_SD (38).jpg
Seborrheic_Dermatitis,PSD_00001777,PSD_00001777__SkinDisNet_SD_20.jpg,PSD_00002688,PSD_00002688__SkinDisNet_SD (38)_03.jpg
Seborrheic_Dermatitis,PSD_00001777,PSD_00001777__SkinDisNet_SD_20.jpg,PSD_00002690,PSD_00002690__SkinDisNet_SD (38)_05.jpg
Seborrheic_Dermatitis,PSD_00001777,PSD_00001777__SkinDisNet_SD_20.jpg,PSD_00002691,PSD_00002691__SkinDisNet_SD (38)_06.jpg
Seborrheic_Dermatitis,PSD_00001778,PSD_00001778__SkinDisNet_SD_21.jpg,PSD_00001981,PSD_00001981__SkinDisNet_SD_21_05.jpg
Seborrheic_Dermatitis,PSD_00001778,PSD_00001778__SkinDisNet_SD_21.jpg,PSD_00001982,PSD_00001982__SkinDisNet_SD_21_06.jpg
Seborrheic_Dermatitis,PSD_00001778,PSD_00001778__SkinDisNet_SD_21.jpg,PSD_00002399,PSD_00002399__SkinDisNet_SD (18).jpg
Seborrheic_Dermatitis,PSD_00001778,PSD_00001778__SkinDisNet_SD_21.jpg,PSD_00002534,PSD_00002534__SkinDisNet_SD (18)_03.jpg
Seborrheic_Dermatitis,PSD_00001778,PSD_00001778__SkinDisNet_SD_21.jpg,PSD_00002536,PSD_00002536__SkinDisNet_SD (18)_05.jpg
Seborrheic_Dermatitis,PSD_00001778,PSD_00001778__SkinDisNet_SD_21.jpg,PSD_00002537,PSD_00002537__SkinDisNet_SD (18)_06.jpg
Seborrheic_Dermatitis,PSD_00001779,PSD_00001779__SkinDisNet_SD_22.jpg,PSD_00001988,PSD_00001988__SkinDisNet_SD_22_05.jpg
Seborrheic_Dermatitis,PSD_00001779,PSD_00001779__SkinDisNet_SD_22.jpg,PSD_00001989,PSD_00001989__SkinDisNet_SD_22_06.jpg
Seborrheic_Dermatitis,PSD_00001779,PSD_00001779__SkinDisNet_SD_22.jpg,PSD_00002427,PSD_00002427__SkinDisNet_SD (43).jpg
Seborrheic_Dermatitis,PSD_00001779,PSD_00001779__SkinDisNet_SD_22.jpg,PSD_00002732,PSD_00002732__SkinDisNet_SD (43)_05.jpg
Seborrheic_Dermatitis,PSD_00001779,PSD_00001779__SkinDisNet_SD_22.jpg,PSD_00002733,PSD_00002733__SkinDisNet_SD (43)_06.jpg
Seborrheic_Dermatitis,PSD_00001780,PSD_00001780__SkinDisNet_SD_23.jpg,PSD_00001992,PSD_00001992__SkinDisNet_SD_23_02.jpg
Seborrheic_Dermatitis,PSD_00001780,PSD_00001780__SkinDisNet_SD_23.jpg,PSD_00001995,PSD_00001995__SkinDisNet_SD_23_05.jpg
Seborrheic_Dermatitis,PSD_00001780,PSD_00001780__SkinDisNet_SD_23.jpg,PSD_00001996,PSD_00001996__SkinDisNet_SD_23_06.jpg
Seborrheic_Dermatitis,PSD_00001780,PSD_00001780__SkinDisNet_SD_23.jpg,PSD_00002429,PSD_00002429__SkinDisNet_SD (45).jpg
Seborrheic_Dermatitis,PSD_00001780,PSD_00001780__SkinDisNet_SD_23.jpg,PSD_00002746,PSD_00002746__SkinDisNet_SD (45)_05.jpg
Seborrheic_Dermatitis,PSD_00001780,PSD_00001780__SkinDisNet_SD_23.jpg,PSD_00002747,PSD_00002747__SkinDisNet_SD (45)_06.jpg
Seborrheic_Dermatitis,PSD_00001781,PSD_00001781__SkinDisNet_SD_24.jpg,PSD_00002002,PSD_00002002__SkinDisNet_SD_24_05.jpg
Seborrheic_Dermatitis,PSD_00001781,PSD_00001781__SkinDisNet_SD_24.jpg,PSD_00002410,PSD_00002410__SkinDisNet_SD (28).jpg
Seborrheic_Dermatitis,PSD_00001781,PSD_00001781__SkinDisNet_SD_24.jpg,PSD_00002610,PSD_00002610__SkinDisNet_SD (28)_02.jpg
Seborrheic_Dermatitis,PSD_00001781,PSD_00001781__SkinDisNet_SD_24.jpg,PSD_00002613,PSD_00002613__SkinDisNet_SD (28)_05.jpg
Seborrheic_Dermatitis,PSD_00001782,PSD_00001782__SkinDisNet_SD_25.jpg,PSD_00002009,PSD_00002009__SkinDisNet_SD_25_05.jpg
Seborrheic_Dermatitis,PSD_00001782,PSD_00001782__SkinDisNet_SD_25.jpg,PSD_00002010,PSD_00002010__SkinDisNet_SD_25_06.jpg
Seborrheic_Dermatitis,PSD_00001782,PSD_00001782__SkinDisNet_SD_25.jpg,PSD_00002392,PSD_00002392__SkinDisNet_SD (11).jpg
Seborrheic_Dermatitis,PSD_00001782,PSD_00001782__SkinDisNet_SD_25.jpg,PSD_00002487,PSD_00002487__SkinDisNet_SD (11)_05.jpg
Seborrheic_Dermatitis,PSD_00001782,PSD_00001782__SkinDisNet_SD_25.jpg,PSD_00002488,PSD_00002488__SkinDisNet_SD (11)_06.jpg
Seborrheic_Dermatitis,PSD_00001783,PSD_00001783__SkinDisNet_SD_26.jpg,PSD_00002012,PSD_00002012__SkinDisNet_SD_26_01.jpg
Seborrheic_Dermatitis,PSD_00001783,PSD_00001783__SkinDisNet_SD_26.jpg,PSD_00002016,PSD_00002016__SkinDisNet_SD_26_05.jpg
Seborrheic_Dermatitis,PSD_00001783,PSD_00001783__SkinDisNet_SD_26.jpg,PSD_00002017,PSD_00002017__SkinDisNet_SD_26_06.jpg
Seborrheic_Dermatitis,PSD_00001783,PSD_00001783__SkinDisNet_SD_26.jpg,PSD_00002420,PSD_00002420__SkinDisNet_SD (37).jpg
Seborrheic_Dermatitis,PSD_00001783,PSD_00001783__SkinDisNet_SD_26.jpg,PSD_00002683,PSD_00002683__SkinDisNet_SD (37)_05.jpg
Seborrheic_Dermatitis,PSD_00001783,PSD_00001783__SkinDisNet_SD_26.jpg,PSD_00002684,PSD_00002684__SkinDisNet_SD (37)_06.jpg
Seborrheic_Dermatitis,PSD_00001784,PSD_00001784__SkinDisNet_SD_27.jpg,PSD_00002023,PSD_00002023__SkinDisNet_SD_27_05.jpg
Seborrheic_Dermatitis,PSD_00001784,PSD_00001784__SkinDisNet_SD_27.jpg,PSD_00002024,PSD_00002024__SkinDisNet_SD_27_06.jpg
Seborrheic_Dermatitis,PSD_00001784,PSD_00001784__SkinDisNet_SD_27.jpg,PSD_00002463,PSD_00002463__SkinDisNet_SD (76).jpg
Seborrheic_Dermatitis,PSD_00001784,PSD_00001784__SkinDisNet_SD_27.jpg,PSD_00002985,PSD_00002985__SkinDisNet_SD (76)_06.jpg
Seborrheic_Dermatitis,PSD_00001785,PSD_00001785__SkinDisNet_SD_28.jpg,PSD_00002030,PSD_00002030__SkinDisNet_SD_28_05.jpg
Seborrheic_Dermatitis,PSD_00001785,PSD_00001785__SkinDisNet_SD_28.jpg,PSD_00002031,PSD_00002031__SkinDisNet_SD_28_06.jpg
Seborrheic_Dermatitis,PSD_00001785,PSD_00001785__SkinDisNet_SD_28.jpg,PSD_00002460,PSD_00002460__SkinDisNet_SD (73).jpg
Seborrheic_Dermatitis,PSD_00001785,PSD_00001785__SkinDisNet_SD_28.jpg,PSD_00002959,PSD_00002959__SkinDisNet_SD (73)_01.jpg
Seborrheic_Dermatitis,PSD_00001785,PSD_00001785__SkinDisNet_SD_28.jpg,PSD_00002963,PSD_00002963__SkinDisNet_SD (73)_05.jpg
Seborrheic_Dermatitis,PSD_00001785,PSD_00001785__SkinDisNet_SD_28.jpg,PSD_00002964,PSD_00002964__SkinDisNet_SD (73)_06.jpg
Seborrheic_Dermatitis,PSD_00001786,PSD_00001786__SkinDisNet_SD_29.jpg,PSD_00002034,PSD_00002034__SkinDisNet_SD_29_02.jpg
Seborrheic_Dermatitis,PSD_00001786,PSD_00001786__SkinDisNet_SD_29.jpg,PSD_00002038,PSD_00002038__SkinDisNet_SD_29_06.jpg
Seborrheic_Dermatitis,PSD_00001786,PSD_00001786__SkinDisNet_SD_29.jpg,PSD_00002409,PSD_00002409__SkinDisNet_SD (27).jpg
Seborrheic_Dermatitis,PSD_00001786,PSD_00001786__SkinDisNet_SD_29.jpg,PSD_00002603,PSD_00002603__SkinDisNet_SD (27)_02.jpg
Seborrheic_Dermatitis,PSD_00001786,PSD_00001786__SkinDisNet_SD_29.jpg,PSD_00002606,PSD_00002606__SkinDisNet_SD (27)_05.jpg
Seborrheic_Dermatitis,PSD_00001786,PSD_00001786__SkinDisNet_SD_29.jpg,PSD_00002607,PSD_00002607__SkinDisNet_SD (27)_06.jpg
Seborrheic_Dermatitis,PSD_00001787,PSD_00001787__SkinDisNet_SD_30.jpg,PSD_00002044,PSD_00002044__SkinDisNet_SD_30_05.jpg
Seborrheic_Dermatitis,PSD_00001788,PSD_00001788__SkinDisNet_SD_31.jpg,PSD_00002051,PSD_00002051__SkinDisNet_SD_31_05.jpg
Seborrheic_Dermatitis,PSD_00001788,PSD_00001788__SkinDisNet_SD_31.jpg,PSD_00002052,PSD_00002052__SkinDisNet_SD_31_06.jpg
Seborrheic_Dermatitis,PSD_00001788,PSD_00001788__SkinDisNet_SD_31.jpg,PSD_00002418,PSD_00002418__SkinDisNet_SD (35).jpg
Seborrheic_Dermatitis,PSD_00001788,PSD_00001788__SkinDisNet_SD_31.jpg,PSD_00002666,PSD_00002666__SkinDisNet_SD (35)_02.jpg
Seborrheic_Dermatitis,PSD_00001788,PSD_00001788__SkinDisNet_SD_31.jpg,PSD_00002669,PSD_00002669__SkinDisNet_SD (35)_05.jpg
Seborrheic_Dermatitis,PSD_00001788,PSD_00001788__SkinDisNet_SD_31.jpg,PSD_00002670,PSD_00002670__SkinDisNet_SD (35)_06.jpg
Seborrheic_Dermatitis,PSD_00001789,PSD_00001789__SkinDisNet_SD_32.jpg,PSD_00002058,PSD_00002058__SkinDisNet_SD_32_05.jpg
Seborrheic_Dermatitis,PSD_00001790,PSD_00001790__SkinDisNet_SD_33.jpg,PSD_00002065,PSD_00002065__SkinDisNet_SD_33_05.jpg
Seborrheic_Dermatitis,PSD_00001790,PSD_00001790__SkinDisNet_SD_33.jpg,PSD_00002066,PSD_00002066__SkinDisNet_SD_33_06.jpg
Seborrheic_Dermatitis,PSD_00001790,PSD_00001790__SkinDisNet_SD_33.jpg,PSD_00002465,PSD_00002465__SkinDisNet_SD (78).jpg
Seborrheic_Dermatitis,PSD_00001790,PSD_00001790__SkinDisNet_SD_33.jpg,PSD_00002995,PSD_00002995__SkinDisNet_SD (78)_02.jpg
Seborrheic_Dermatitis,PSD_00001790,PSD_00001790__SkinDisNet_SD_33.jpg,PSD_00002998,PSD_00002998__SkinDisNet_SD (78)_05.jpg
Seborrheic_Dermatitis,PSD_00001790,PSD_00001790__SkinDisNet_SD_33.jpg,PSD_00002999,PSD_00002999__SkinDisNet_SD (78)_06.jpg
Seborrheic_Dermatitis,PSD_00001791,PSD_00001791__SkinDisNet_SD_34.jpg,PSD_00002072,PSD_00002072__SkinDisNet_SD_34_05.jpg
Seborrheic_Dermatitis,PSD_00001791,PSD_00001791__SkinDisNet_SD_34.jpg,PSD_00002073,PSD_00002073__SkinDisNet_SD_34_06.jpg
Seborrheic_Dermatitis,PSD_00001791,PSD_00001791__SkinDisNet_SD_34.jpg,PSD_00002430,PSD_00002430__SkinDisNet_SD (46).jpg
Seborrheic_Dermatitis,PSD_00001791,PSD_00001791__SkinDisNet_SD_34.jpg,PSD_00002750,PSD_00002750__SkinDisNet_SD (46)_02.jpg
Seborrheic_Dermatitis,PSD_00001791,PSD_00001791__SkinDisNet_SD_34.jpg,PSD_00002753,PSD_00002753__SkinDisNet_SD (46)_05.jpg
Seborrheic_Dermatitis,PSD_00001791,PSD_00001791__SkinDisNet_SD_34.jpg,PSD_00002754,PSD_00002754__SkinDisNet_SD (46)_06.jpg
Seborrheic_Dermatitis,PSD_00001792,PSD_00001792__SkinDisNet_SD_35.jpg,PSD_00002079,PSD_00002079__SkinDisNet_SD_35_05.jpg
Seborrheic_Dermatitis,PSD_00001792,PSD_00001792__SkinDisNet_SD_35.jpg,PSD_00002459,PSD_00002459__SkinDisNet_SD (72).jpg
Seborrheic_Dermatitis,PSD_00001793,PSD_00001793__SkinDisNet_SD_36.jpg,PSD_00002083,PSD_00002083__SkinDisNet_SD_36_02.jpg
Seborrheic_Dermatitis,PSD_00001793,PSD_00001793__SkinDisNet_SD_36.jpg,PSD_00002084,PSD_00002084__SkinDisNet_SD_36_03.jpg
Seborrheic_Dermatitis,PSD_00001793,PSD_00001793__SkinDisNet_SD_36.jpg,PSD_00002086,PSD_00002086__SkinDisNet_SD_36_05.jpg
Seborrheic_Dermatitis,PSD_00001793,PSD_00001793__SkinDisNet_SD_36.jpg,PSD_00002087,PSD_00002087__SkinDisNet_SD_36_06.jpg
Seborrheic_Dermatitis,PSD_00001793,PSD_00001793__SkinDisNet_SD_36.jpg,PSD_00002437,PSD_00002437__SkinDisNet_SD (52).jpg
Seborrheic_Dermatitis,PSD_00001793,PSD_00001793__SkinDisNet_SD_36.jpg,PSD_00002799,PSD_00002799__SkinDisNet_SD (52)_02.jpg
Seborrheic_Dermatitis,PSD_00001793,PSD_00001793__SkinDisNet_SD_36.jpg,PSD_00002802,PSD_00002802__SkinDisNet_SD (52)_05.jpg
Seborrheic_Dermatitis,PSD_00001793,PSD_00001793__SkinDisNet_SD_36.jpg,PSD_00002803,PSD_00002803__SkinDisNet_SD (52)_06.jpg
Seborrheic_Dermatitis,PSD_00001794,PSD_00001794__SkinDisNet_SD_37.jpg,PSD_00002090,PSD_00002090__SkinDisNet_SD_37_02.jpg
Seborrheic_Dermatitis,PSD_00001794,PSD_00001794__SkinDisNet_SD_37.jpg,PSD_00002093,PSD_00002093__SkinDisNet_SD_37_05.jpg
Seborrheic_Dermatitis,PSD_00001794,PSD_00001794__SkinDisNet_SD_37.jpg,PSD_00002094,PSD_00002094__SkinDisNet_SD_37_06.jpg
Seborrheic_Dermatitis,PSD_00001794,PSD_00001794__SkinDisNet_SD_37.jpg,PSD_00002424,PSD_00002424__SkinDisNet_SD (40).jpg
Seborrheic_Dermatitis,PSD_00001794,PSD_00001794__SkinDisNet_SD_37.jpg,PSD_00002711,PSD_00002711__SkinDisNet_SD (40)_05.jpg
Seborrheic_Dermatitis,PSD_00001794,PSD_00001794__SkinDisNet_SD_37.jpg,PSD_00002712,PSD_00002712__SkinDisNet_SD (40)_06.jpg
Seborrheic_Dermatitis,PSD_00001795,PSD_00001795__SkinDisNet_SD_38.jpg,PSD_00002100,PSD_00002100__SkinDisNet_SD_38_05.jpg
Seborrheic_Dermatitis,PSD_00001795,PSD_00001795__SkinDisNet_SD_38.jpg,PSD_00002101,PSD_00002101__SkinDisNet_SD_38_06.jpg
Seborrheic_Dermatitis,PSD_00001795,PSD_00001795__SkinDisNet_SD_38.jpg,PSD_00002432,PSD_00002432__SkinDisNet_SD (48).jpg
Seborrheic_Dermatitis,PSD_00001795,PSD_00001795__SkinDisNet_SD_38.jpg,PSD_00002767,PSD_00002767__SkinDisNet_SD (48)_05.jpg
Seborrheic_Dermatitis,PSD_00001795,PSD_00001795__SkinDisNet_SD_38.jpg,PSD_00002768,PSD_00002768__SkinDisNet_SD (48)_06.jpg
Seborrheic_Dermatitis,PSD_00001796,PSD_00001796__SkinDisNet_SD_39.jpg,PSD_00002104,PSD_00002104__SkinDisNet_SD_39_02.jpg
Seborrheic_Dermatitis,PSD_00001796,PSD_00001796__SkinDisNet_SD_39.jpg,PSD_00002105,PSD_00002105__SkinDisNet_SD_39_03.jpg
Seborrheic_Dermatitis,PSD_00001796,PSD_00001796__SkinDisNet_SD_39.jpg,PSD_00002107,PSD_00002107__SkinDisNet_SD_39_05.jpg
Seborrheic_Dermatitis,PSD_00001796,PSD_00001796__SkinDisNet_SD_39.jpg,PSD_00002108,PSD_00002108__SkinDisNet_SD_39_06.jpg
Seborrheic_Dermatitis,PSD_00001796,PSD_00001796__SkinDisNet_SD_39.jpg,PSD_00002428,PSD_00002428__SkinDisNet_SD (44).jpg
Seborrheic_Dermatitis,PSD_00001796,PSD_00001796__SkinDisNet_SD_39.jpg,PSD_00002735,PSD_00002735__SkinDisNet_SD (44)_01.jpg
Seborrheic_Dermatitis,PSD_00001796,PSD_00001796__SkinDisNet_SD_39.jpg,PSD_00002739,PSD_00002739__SkinDisNet_SD (44)_05.jpg
Seborrheic_Dermatitis,PSD_00001796,PSD_00001796__SkinDisNet_SD_39.jpg,PSD_00002740,PSD_00002740__SkinDisNet_SD (44)_06.jpg
Seborrheic_Dermatitis,PSD_00001797,PSD_00001797__SkinDisNet_SD_40.jpg,PSD_00002114,PSD_00002114__SkinDisNet_SD_40_05.jpg
Seborrheic_Dermatitis,PSD_00001797,PSD_00001797__SkinDisNet_SD_40.jpg,PSD_00002115,PSD_00002115__SkinDisNet_SD_40_06.jpg
Seborrheic_Dermatitis,PSD_00001797,PSD_00001797__SkinDisNet_SD_40.jpg,PSD_00002403,PSD_00002403__SkinDisNet_SD (21).jpg
Seborrheic_Dermatitis,PSD_00001797,PSD_00001797__SkinDisNet_SD_40.jpg,PSD_00002564,PSD_00002564__SkinDisNet_SD (21)_05.jpg
Seborrheic_Dermatitis,PSD_00001797,PSD_00001797__SkinDisNet_SD_40.jpg,PSD_00002565,PSD_00002565__SkinDisNet_SD (21)_06.jpg
Seborrheic_Dermatitis,PSD_00001798,PSD_00001798__SkinDisNet_SD_41.jpg,PSD_00002117,PSD_00002117__SkinDisNet_SD_41_01.jpg
Seborrheic_Dermatitis,PSD_00001798,PSD_00001798__SkinDisNet_SD_41.jpg,PSD_00002119,PSD_00002119__SkinDisNet_SD_41_03.jpg
Seborrheic_Dermatitis,PSD_00001798,PSD_00001798__SkinDisNet_SD_41.jpg,PSD_00002121,PSD_00002121__SkinDisNet_SD_41_05.jpg
Seborrheic_Dermatitis,PSD_00001798,PSD_00001798__SkinDisNet_SD_41.jpg,PSD_00002122,PSD_00002122__SkinDisNet_SD_41_06.jpg
Seborrheic_Dermatitis,PSD_00001798,PSD_00001798__SkinDisNet_SD_41.jpg,PSD_00002417,PSD_00002417__SkinDisNet_SD (34).jpg
Seborrheic_Dermatitis,PSD_00001798,PSD_00001798__SkinDisNet_SD_41.jpg,PSD_00002659,PSD_00002659__SkinDisNet_SD (34)_02.jpg
Seborrheic_Dermatitis,PSD_00001798,PSD_00001798__SkinDisNet_SD_41.jpg,PSD_00002662,PSD_00002662__SkinDisNet_SD (34)_05.jpg
Seborrheic_Dermatitis,PSD_00001798,PSD_00001798__SkinDisNet_SD_41.jpg,PSD_00002663,PSD_00002663__SkinDisNet_SD (34)_06.jpg
Seborrheic_Dermatitis,PSD_00001799,PSD_00001799__SkinDisNet_SD_42.jpg,PSD_00002128,PSD_00002128__SkinDisNet_SD_42_05.jpg
Seborrheic_Dermatitis,PSD_00001799,PSD_00001799__SkinDisNet_SD_42.jpg,PSD_00002129,PSD_00002129__SkinDisNet_SD_42_06.jpg
Seborrheic_Dermatitis,PSD_00001799,PSD_00001799__SkinDisNet_SD_42.jpg,PSD_00002407,PSD_00002407__SkinDisNet_SD (25).jpg
Seborrheic_Dermatitis,PSD_00001799,PSD_00001799__SkinDisNet_SD_42.jpg,PSD_00002589,PSD_00002589__SkinDisNet_SD (25)_02.jpg
Seborrheic_Dermatitis,PSD_00001799,PSD_00001799__SkinDisNet_SD_42.jpg,PSD_00002590,PSD_00002590__SkinDisNet_SD (25)_03.jpg
Seborrheic_Dermatitis,PSD_00001799,PSD_00001799__SkinDisNet_SD_42.jpg,PSD_00002592,PSD_00002592__SkinDisNet_SD (25)_05.jpg
Seborrheic_Dermatitis,PSD_00001799,PSD_00001799__SkinDisNet_SD_42.jpg,PSD_00002593,PSD_00002593__SkinDisNet_SD (25)_06.jpg
Seborrheic_Dermatitis,PSD_00001800,PSD_00001800__SkinDisNet_SD_43.jpg,PSD_00002132,PSD_00002132__SkinDisNet_SD_43_02.jpg
Seborrheic_Dermatitis,PSD_00001800,PSD_00001800__SkinDisNet_SD_43.jpg,PSD_00002135,PSD_00002135__SkinDisNet_SD_43_05.jpg
Seborrheic_Dermatitis,PSD_00001800,PSD_00001800__SkinDisNet_SD_43.jpg,PSD_00002136,PSD_00002136__SkinDisNet_SD_43_06.jpg
Seborrheic_Dermatitis,PSD_00001800,PSD_00001800__SkinDisNet_SD_43.jpg,PSD_00002431,PSD_00002431__SkinDisNet_SD (47).jpg
Seborrheic_Dermatitis,PSD_00001800,PSD_00001800__SkinDisNet_SD_43.jpg,PSD_00002757,PSD_00002757__SkinDisNet_SD (47)_02.jpg
Seborrheic_Dermatitis,PSD_00001800,PSD_00001800__SkinDisNet_SD_43.jpg,PSD_00002760,PSD_00002760__SkinDisNet_SD (47)_05.jpg
Seborrheic_Dermatitis,PSD_00001800,PSD_00001800__SkinDisNet_SD_43.jpg,PSD_00002761,PSD_00002761__SkinDisNet_SD (47)_06.jpg
Seborrheic_Dermatitis,PSD_00001801,PSD_00001801__SkinDisNet_SD_44.jpg,PSD_00002142,PSD_00002142__SkinDisNet_SD_44_05.jpg
Seborrheic_Dermatitis,PSD_00001801,PSD_00001801__SkinDisNet_SD_44.jpg,PSD_00002143,PSD_00002143__SkinDisNet_SD_44_06.jpg
Seborrheic_Dermatitis,PSD_00001801,PSD_00001801__SkinDisNet_SD_44.jpg,PSD_00002404,PSD_00002404__SkinDisNet_SD (22).jpg
Seborrheic_Dermatitis,PSD_00001801,PSD_00001801__SkinDisNet_SD_44.jpg,PSD_00002571,PSD_00002571__SkinDisNet_SD (22)_05.jpg
Seborrheic_Dermatitis,PSD_00001801,PSD_00001801__SkinDisNet_SD_44.jpg,PSD_00002572,PSD_00002572__SkinDisNet_SD (22)_06.jpg
Seborrheic_Dermatitis,PSD_00001802,PSD_00001802__SkinDisNet_SD_45.jpg,PSD_00002149,PSD_00002149__SkinDisNet_SD_45_05.jpg
Seborrheic_Dermatitis,PSD_00001802,PSD_00001802__SkinDisNet_SD_45.jpg,PSD_00002150,PSD_00002150__SkinDisNet_SD_45_06.jpg
Seborrheic_Dermatitis,PSD_00001802,PSD_00001802__SkinDisNet_SD_45.jpg,PSD_00002414,PSD_00002414__SkinDisNet_SD (31).jpg
Seborrheic_Dermatitis,PSD_00001802,PSD_00001802__SkinDisNet_SD_45.jpg,PSD_00002641,PSD_00002641__SkinDisNet_SD (31)_05.jpg
Seborrheic_Dermatitis,PSD_00001802,PSD_00001802__SkinDisNet_SD_45.jpg,PSD_00002642,PSD_00002642__SkinDisNet_SD (31)_06.jpg
Seborrheic_Dermatitis,PSD_00001803,PSD_00001803__SkinDisNet_SD_46.jpg,PSD_00002156,PSD_00002156__SkinDisNet_SD_46_05.jpg
Seborrheic_Dermatitis,PSD_00001803,PSD_00001803__SkinDisNet_SD_46.jpg,PSD_00002157,PSD_00002157__SkinDisNet_SD_46_06.jpg
Seborrheic_Dermatitis,PSD_00001803,PSD_00001803__SkinDisNet_SD_46.jpg,PSD_00002413,PSD_00002413__SkinDisNet_SD (30).jpg
Seborrheic_Dermatitis,PSD_00001803,PSD_00001803__SkinDisNet_SD_46.jpg,PSD_00002630,PSD_00002630__SkinDisNet_SD (30)_01.jpg
Seborrheic_Dermatitis,PSD_00001803,PSD_00001803__SkinDisNet_SD_46.jpg,PSD_00002631,PSD_00002631__SkinDisNet_SD (30)_02.jpg
Seborrheic_Dermatitis,PSD_00001803,PSD_00001803__SkinDisNet_SD_46.jpg,PSD_00002634,PSD_00002634__SkinDisNet_SD (30)_05.jpg
Seborrheic_Dermatitis,PSD_00001803,PSD_00001803__SkinDisNet_SD_46.jpg,PSD_00002635,PSD_00002635__SkinDisNet_SD (30)_06.jpg
Seborrheic_Dermatitis,PSD_00001804,PSD_00001804__SkinDisNet_SD_47.jpg,PSD_00002163,PSD_00002163__SkinDisNet_SD_47_05.jpg
Seborrheic_Dermatitis,PSD_00001804,PSD_00001804__SkinDisNet_SD_47.jpg,PSD_00002164,PSD_00002164__SkinDisNet_SD_47_06.jpg
Seborrheic_Dermatitis,PSD_00001804,PSD_00001804__SkinDisNet_SD_47.jpg,PSD_00002423,PSD_00002423__SkinDisNet_SD (4).jpg
Seborrheic_Dermatitis,PSD_00001804,PSD_00001804__SkinDisNet_SD_47.jpg,PSD_00002704,PSD_00002704__SkinDisNet_SD (4)_05.jpg
Seborrheic_Dermatitis,PSD_00001804,PSD_00001804__SkinDisNet_SD_47.jpg,PSD_00002705,PSD_00002705__SkinDisNet_SD (4)_06.jpg
Seborrheic_Dermatitis,PSD_00001805,PSD_00001805__SkinDisNet_SD_48.jpg,PSD_00002170,PSD_00002170__SkinDisNet_SD_48_05.jpg
Seborrheic_Dermatitis,PSD_00001805,PSD_00001805__SkinDisNet_SD_48.jpg,PSD_00002171,PSD_00002171__SkinDisNet_SD_48_06.jpg
Seborrheic_Dermatitis,PSD_00001805,PSD_00001805__SkinDisNet_SD_48.jpg,PSD_00002408,PSD_00002408__SkinDisNet_SD (26).jpg
Seborrheic_Dermatitis,PSD_00001805,PSD_00001805__SkinDisNet_SD_48.jpg,PSD_00002599,PSD_00002599__SkinDisNet_SD (26)_05.jpg
Seborrheic_Dermatitis,PSD_00001805,PSD_00001805__SkinDisNet_SD_48.jpg,PSD_00002600,PSD_00002600__SkinDisNet_SD (26)_06.jpg
Seborrheic_Dermatitis,PSD_00001806,PSD_00001806__SkinDisNet_SD_49.jpg,PSD_00002177,PSD_00002177__SkinDisNet_SD_49_05.jpg
Seborrheic_Dermatitis,PSD_00001806,PSD_00001806__SkinDisNet_SD_49.jpg,PSD_00002178,PSD_00002178__SkinDisNet_SD_49_06.jpg
Seborrheic_Dermatitis,PSD_00001806,PSD_00001806__SkinDisNet_SD_49.jpg,PSD_00002443,PSD_00002443__SkinDisNet_SD (58).jpg
Seborrheic_Dermatitis,PSD_00001806,PSD_00001806__SkinDisNet_SD_49.jpg,PSD_00002844,PSD_00002844__SkinDisNet_SD (58)_05.jpg
Seborrheic_Dermatitis,PSD_00001806,PSD_00001806__SkinDisNet_SD_49.jpg,PSD_00002845,PSD_00002845__SkinDisNet_SD (58)_06.jpg
Seborrheic_Dermatitis,PSD_00001807,PSD_00001807__SkinDisNet_SD_50.jpg,PSD_00002184,PSD_00002184__SkinDisNet_SD_50_05.jpg
Seborrheic_Dermatitis,PSD_00001807,PSD_00001807__SkinDisNet_SD_50.jpg,PSD_00002402,PSD_00002402__SkinDisNet_SD (20).jpg
Seborrheic_Dermatitis,PSD_00001807,PSD_00001807__SkinDisNet_SD_50.jpg,PSD_00002557,PSD_00002557__SkinDisNet_SD (20)_05.jpg
Seborrheic_Dermatitis,PSD_00001808,PSD_00001808__SkinDisNet_SD_51.jpg,PSD_00002187,PSD_00002187__SkinDisNet_SD_51_01.jpg
Seborrheic_Dermatitis,PSD_00001808,PSD_00001808__SkinDisNet_SD_51.jpg,PSD_00002188,PSD_00002188__SkinDisNet_SD_51_02.jpg
Seborrheic_Dermatitis,PSD_00001808,PSD_00001808__SkinDisNet_SD_51.jpg,PSD_00002191,PSD_00002191__SkinDisNet_SD_51_05.jpg
Seborrheic_Dermatitis,PSD_00001808,PSD_00001808__SkinDisNet_SD_51.jpg,PSD_00002192,PSD_00002192__SkinDisNet_SD_51_06.jpg
Seborrheic_Dermatitis,PSD_00001808,PSD_00001808__SkinDisNet_SD_51.jpg,PSD_00002412,PSD_00002412__SkinDisNet_SD (3).jpg
Seborrheic_Dermatitis,PSD_00001808,PSD_00001808__SkinDisNet_SD_51.jpg,PSD_00002624,PSD_00002624__SkinDisNet_SD (3)_02.jpg
Seborrheic_Dermatitis,PSD_00001808,PSD_00001808__SkinDisNet_SD_51.jpg,PSD_00002627,PSD_00002627__SkinDisNet_SD (3)_05.jpg
Seborrheic_Dermatitis,PSD_00001808,PSD_00001808__SkinDisNet_SD_51.jpg,PSD_00002628,PSD_00002628__SkinDisNet_SD (3)_06.jpg
Seborrheic_Dermatitis,PSD_00001809,PSD_00001809__SkinDisNet_SD_52.jpg,PSD_00002195,PSD_00002195__SkinDisNet_SD_52_02.jpg
Seborrheic_Dermatitis,PSD_00001809,PSD_00001809__SkinDisNet_SD_52.jpg,PSD_00002198,PSD_00002198__SkinDisNet_SD_52_05.jpg
Seborrheic_Dermatitis,PSD_00001809,PSD_00001809__SkinDisNet_SD_52.jpg,PSD_00002199,PSD_00002199__SkinDisNet_SD_52_06.jpg
Seborrheic_Dermatitis,PSD_00001810,PSD_00001810__SkinDisNet_SD_53.jpg,PSD_00002205,PSD_00002205__SkinDisNet_SD_53_05.jpg
Seborrheic_Dermatitis,PSD_00001810,PSD_00001810__SkinDisNet_SD_53.jpg,PSD_00002206,PSD_00002206__SkinDisNet_SD_53_06.jpg
Seborrheic_Dermatitis,PSD_00001810,PSD_00001810__SkinDisNet_SD_53.jpg,PSD_00002442,PSD_00002442__SkinDisNet_SD (57).jpg
Seborrheic_Dermatitis,PSD_00001810,PSD_00001810__SkinDisNet_SD_53.jpg,PSD_00002837,PSD_00002837__SkinDisNet_SD (57)_05.jpg
Seborrheic_Dermatitis,PSD_00001810,PSD_00001810__SkinDisNet_SD_53.jpg,PSD_00002838,PSD_00002838__SkinDisNet_SD (57)_06.jpg
Seborrheic_Dermatitis,PSD_00001811,PSD_00001811__SkinDisNet_SD_54.jpg,PSD_00002212,PSD_00002212__SkinDisNet_SD_54_05.jpg
Seborrheic_Dermatitis,PSD_00001811,PSD_00001811__SkinDisNet_SD_54.jpg,PSD_00002213,PSD_00002213__SkinDisNet_SD_54_06.jpg
Seborrheic_Dermatitis,PSD_00001811,PSD_00001811__SkinDisNet_SD_54.jpg,PSD_00002464,PSD_00002464__SkinDisNet_SD (77).jpg
Seborrheic_Dermatitis,PSD_00001811,PSD_00001811__SkinDisNet_SD_54.jpg,PSD_00002991,PSD_00002991__SkinDisNet_SD (77)_05.jpg
Seborrheic_Dermatitis,PSD_00001811,PSD_00001811__SkinDisNet_SD_54.jpg,PSD_00002992,PSD_00002992__SkinDisNet_SD (77)_06.jpg
Seborrheic_Dermatitis,PSD_00001812,PSD_00001812__SkinDisNet_SD_55.jpg,PSD_00002216,PSD_00002216__SkinDisNet_SD_55_02.jpg
Seborrheic_Dermatitis,PSD_00001812,PSD_00001812__SkinDisNet_SD_55.jpg,PSD_00002219,PSD_00002219__SkinDisNet_SD_55_05.jpg
Seborrheic_Dermatitis,PSD_00001812,PSD_00001812__SkinDisNet_SD_55.jpg,PSD_00002220,PSD_00002220__SkinDisNet_SD_55_06.jpg
Seborrheic_Dermatitis,PSD_00001812,PSD_00001812__SkinDisNet_SD_55.jpg,PSD_00002456,PSD_00002456__SkinDisNet_SD (7).jpg
Seborrheic_Dermatitis,PSD_00001812,PSD_00001812__SkinDisNet_SD_55.jpg,PSD_00002932,PSD_00002932__SkinDisNet_SD (7)_02.jpg
Seborrheic_Dermatitis,PSD_00001812,PSD_00001812__SkinDisNet_SD_55.jpg,PSD_00002935,PSD_00002935__SkinDisNet_SD (7)_05.jpg
Seborrheic_Dermatitis,PSD_00001812,PSD_00001812__SkinDisNet_SD_55.jpg,PSD_00002936,PSD_00002936__SkinDisNet_SD (7)_06.jpg
Seborrheic_Dermatitis,PSD_00001813,PSD_00001813__SkinDisNet_SD_56.jpg,PSD_00002223,PSD_00002223__SkinDisNet_SD_56_02.jpg
Seborrheic_Dermatitis,PSD_00001813,PSD_00001813__SkinDisNet_SD_56.jpg,PSD_00002226,PSD_00002226__SkinDisNet_SD_56_05.jpg
Seborrheic_Dermatitis,PSD_00001813,PSD_00001813__SkinDisNet_SD_56.jpg,PSD_00002227,PSD_00002227__SkinDisNet_SD_56_06.jpg
Seborrheic_Dermatitis,PSD_00001813,PSD_00001813__SkinDisNet_SD_56.jpg,PSD_00002453,PSD_00002453__SkinDisNet_SD (67).jpg
Seborrheic_Dermatitis,PSD_00001813,PSD_00001813__SkinDisNet_SD_56.jpg,PSD_00002911,PSD_00002911__SkinDisNet_SD (67)_02.jpg
Seborrheic_Dermatitis,PSD_00001813,PSD_00001813__SkinDisNet_SD_56.jpg,PSD_00002914,PSD_00002914__SkinDisNet_SD (67)_05.jpg
Seborrheic_Dermatitis,PSD_00001813,PSD_00001813__SkinDisNet_SD_56.jpg,PSD_00002915,PSD_00002915__SkinDisNet_SD (67)_06.jpg
Seborrheic_Dermatitis,PSD_00001814,PSD_00001814__SkinDisNet_SD_57.jpg,PSD_00002233,PSD_00002233__SkinDisNet_SD_57_05.jpg
Seborrheic_Dermatitis,PSD_00001814,PSD_00001814__SkinDisNet_SD_57.jpg,PSD_00002234,PSD_00002234__SkinDisNet_SD_57_06.jpg
Seborrheic_Dermatitis,PSD_00001814,PSD_00001814__SkinDisNet_SD_57.jpg,PSD_00002400,PSD_00002400__SkinDisNet_SD (19).jpg
Seborrheic_Dermatitis,PSD_00001814,PSD_00001814__SkinDisNet_SD_57.jpg,PSD_00002543,PSD_00002543__SkinDisNet_SD (19)_05.jpg
Seborrheic_Dermatitis,PSD_00001814,PSD_00001814__SkinDisNet_SD_57.jpg,PSD_00002544,PSD_00002544__SkinDisNet_SD (19)_06.jpg
Seborrheic_Dermatitis,PSD_00001815,PSD_00001815__SkinDisNet_SD_58.jpg,PSD_00002240,PSD_00002240__SkinDisNet_SD_58_05.jpg
Seborrheic_Dermatitis,PSD_00001815,PSD_00001815__SkinDisNet_SD_58.jpg,PSD_00002241,PSD_00002241__SkinDisNet_SD_58_06.jpg
Seborrheic_Dermatitis,PSD_00001816,PSD_00001816__SkinDisNet_SD_59.jpg,PSD_00002245,PSD_00002245__SkinDisNet_SD_59_03.jpg
Seborrheic_Dermatitis,PSD_00001816,PSD_00001816__SkinDisNet_SD_59.jpg,PSD_00002247,PSD_00002247__SkinDisNet_SD_59_05.jpg
Seborrheic_Dermatitis,PSD_00001816,PSD_00001816__SkinDisNet_SD_59.jpg,PSD_00002248,PSD_00002248__SkinDisNet_SD_59_06.jpg
Seborrheic_Dermatitis,PSD_00001816,PSD_00001816__SkinDisNet_SD_59.jpg,PSD_00002452,PSD_00002452__SkinDisNet_SD (66).jpg
Seborrheic_Dermatitis,PSD_00001816,PSD_00001816__SkinDisNet_SD_59.jpg,PSD_00002907,PSD_00002907__SkinDisNet_SD (66)_05.jpg
Seborrheic_Dermatitis,PSD_00001816,PSD_00001816__SkinDisNet_SD_59.jpg,PSD_00002908,PSD_00002908__SkinDisNet_SD (66)_06.jpg
Seborrheic_Dermatitis,PSD_00001817,PSD_00001817__SkinDisNet_SD_60.jpg,PSD_00002252,PSD_00002252__SkinDisNet_SD_60_03.jpg
Seborrheic_Dermatitis,PSD_00001817,PSD_00001817__SkinDisNet_SD_60.jpg,PSD_00002254,PSD_00002254__SkinDisNet_SD_60_05.jpg
Seborrheic_Dermatitis,PSD_00001817,PSD_00001817__SkinDisNet_SD_60.jpg,PSD_00002255,PSD_00002255__SkinDisNet_SD_60_06.jpg
Seborrheic_Dermatitis,PSD_00001817,PSD_00001817__SkinDisNet_SD_60.jpg,PSD_00002441,PSD_00002441__SkinDisNet_SD (56).jpg
Seborrheic_Dermatitis,PSD_00001817,PSD_00001817__SkinDisNet_SD_60.jpg,PSD_00002827,PSD_00002827__SkinDisNet_SD (56)_02.jpg
Seborrheic_Dermatitis,PSD_00001817,PSD_00001817__SkinDisNet_SD_60.jpg,PSD_00002830,PSD_00002830__SkinDisNet_SD (56)_05.jpg
Seborrheic_Dermatitis,PSD_00001817,PSD_00001817__SkinDisNet_SD_60.jpg,PSD_00002831,PSD_00002831__SkinDisNet_SD (56)_06.jpg
Seborrheic_Dermatitis,PSD_00001818,PSD_00001818__SkinDisNet_SD_61.jpg,PSD_00002261,PSD_00002261__SkinDisNet_SD_61_05.jpg
Seborrheic_Dermatitis,PSD_00001818,PSD_00001818__SkinDisNet_SD_61.jpg,PSD_00002262,PSD_00002262__SkinDisNet_SD_61_06.jpg
Seborrheic_Dermatitis,PSD_00001818,PSD_00001818__SkinDisNet_SD_61.jpg,PSD_00002397,PSD_00002397__SkinDisNet_SD (16).jpg
Seborrheic_Dermatitis,PSD_00001818,PSD_00001818__SkinDisNet_SD_61.jpg,PSD_00002522,PSD_00002522__SkinDisNet_SD (16)_05.jpg
Seborrheic_Dermatitis,PSD_00001818,PSD_00001818__SkinDisNet_SD_61.jpg,PSD_00002523,PSD_00002523__SkinDisNet_SD (16)_06.jpg
Seborrheic_Dermatitis,PSD_00001819,PSD_00001819__SkinDisNet_SD_62.jpg,PSD_00002395,PSD_00002395__SkinDisNet_SD (14).jpg
Seborrheic_Dermatitis,PSD_00001819,PSD_00001819__SkinDisNet_SD_62.jpg,PSD_00002508,PSD_00002508__SkinDisNet_SD (14)_05.jpg
Seborrheic_Dermatitis,PSD_00001820,PSD_00001820__SkinDisNet_SD_63.jpg,PSD_00002274,PSD_00002274__SkinDisNet_SD_63_04.jpg
Seborrheic_Dermatitis,PSD_00001820,PSD_00001820__SkinDisNet_SD_63.jpg,PSD_00002275,PSD_00002275__SkinDisNet_SD_63_05.jpg
Seborrheic_Dermatitis,PSD_00001820,PSD_00001820__SkinDisNet_SD_63.jpg,PSD_00002276,PSD_00002276__SkinDisNet_SD_63_06.jpg
Seborrheic_Dermatitis,PSD_00001820,PSD_00001820__SkinDisNet_SD_63.jpg,PSD_00002436,PSD_00002436__SkinDisNet_SD (51).jpg
Seborrheic_Dermatitis,PSD_00001820,PSD_00001820__SkinDisNet_SD_63.jpg,PSD_00002792,PSD_00002792__SkinDisNet_SD (51)_02.jpg
Seborrheic_Dermatitis,PSD_00001820,PSD_00001820__SkinDisNet_SD_63.jpg,PSD_00002795,PSD_00002795__SkinDisNet_SD (51)_05.jpg
Seborrheic_Dermatitis,PSD_00001820,PSD_00001820__SkinDisNet_SD_63.jpg,PSD_00002796,PSD_00002796__SkinDisNet_SD (51)_06.jpg
Seborrheic_Dermatitis,PSD_00001821,PSD_00001821__SkinDisNet_SD_64.jpg,PSD_00002282,PSD_00002282__SkinDisNet_SD_64_05.jpg
Seborrheic_Dermatitis,PSD_00001821,PSD_00001821__SkinDisNet_SD_64.jpg,PSD_00002283,PSD_00002283__SkinDisNet_SD_64_06.jpg
Seborrheic_Dermatitis,PSD_00001821,PSD_00001821__SkinDisNet_SD_64.jpg,PSD_00002451,PSD_00002451__SkinDisNet_SD (65).jpg
Seborrheic_Dermatitis,PSD_00001821,PSD_00001821__SkinDisNet_SD_64.jpg,PSD_00002900,PSD_00002900__SkinDisNet_SD (65)_05.jpg
Seborrheic_Dermatitis,PSD_00001821,PSD_00001821__SkinDisNet_SD_64.jpg,PSD_00002901,PSD_00002901__SkinDisNet_SD (65)_06.jpg
Seborrheic_Dermatitis,PSD_00001822,PSD_00001822__SkinDisNet_SD_65.jpg,PSD_00002289,PSD_00002289__SkinDisNet_SD_65_05.jpg
Seborrheic_Dermatitis,PSD_00001822,PSD_00001822__SkinDisNet_SD_65.jpg,PSD_00002290,PSD_00002290__SkinDisNet_SD_65_06.jpg
Seborrheic_Dermatitis,PSD_00001822,PSD_00001822__SkinDisNet_SD_65.jpg,PSD_00002447,PSD_00002447__SkinDisNet_SD (61).jpg
Seborrheic_Dermatitis,PSD_00001822,PSD_00001822__SkinDisNet_SD_65.jpg,PSD_00002872,PSD_00002872__SkinDisNet_SD (61)_05.jpg
Seborrheic_Dermatitis,PSD_00001822,PSD_00001822__SkinDisNet_SD_65.jpg,PSD_00002873,PSD_00002873__SkinDisNet_SD (61)_06.jpg
Seborrheic_Dermatitis,PSD_00001823,PSD_00001823__SkinDisNet_SD_66.jpg,PSD_00002294,PSD_00002294__SkinDisNet_SD_66_03.jpg
Seborrheic_Dermatitis,PSD_00001823,PSD_00001823__SkinDisNet_SD_66.jpg,PSD_00002296,PSD_00002296__SkinDisNet_SD_66_05.jpg
Seborrheic_Dermatitis,PSD_00001823,PSD_00001823__SkinDisNet_SD_66.jpg,PSD_00002297,PSD_00002297__SkinDisNet_SD_66_06.jpg
Seborrheic_Dermatitis,PSD_00001823,PSD_00001823__SkinDisNet_SD_66.jpg,PSD_00002422,PSD_00002422__SkinDisNet_SD (39).jpg
Seborrheic_Dermatitis,PSD_00001823,PSD_00001823__SkinDisNet_SD_66.jpg,PSD_00002695,PSD_00002695__SkinDisNet_SD (39)_03.jpg
Seborrheic_Dermatitis,PSD_00001823,PSD_00001823__SkinDisNet_SD_66.jpg,PSD_00002697,PSD_00002697__SkinDisNet_SD (39)_05.jpg
Seborrheic_Dermatitis,PSD_00001823,PSD_00001823__SkinDisNet_SD_66.jpg,PSD_00002698,PSD_00002698__SkinDisNet_SD (39)_06.jpg
Seborrheic_Dermatitis,PSD_00001824,PSD_00001824__SkinDisNet_SD_67.jpg,PSD_00002303,PSD_00002303__SkinDisNet_SD_67_05.jpg
Seborrheic_Dermatitis,PSD_00001824,PSD_00001824__SkinDisNet_SD_67.jpg,PSD_00002304,PSD_00002304__SkinDisNet_SD_67_06.jpg
Seborrheic_Dermatitis,PSD_00001824,PSD_00001824__SkinDisNet_SD_67.jpg,PSD_00002416,PSD_00002416__SkinDisNet_SD (33).jpg
Seborrheic_Dermatitis,PSD_00001824,PSD_00001824__SkinDisNet_SD_67.jpg,PSD_00002655,PSD_00002655__SkinDisNet_SD (33)_05.jpg
Seborrheic_Dermatitis,PSD_00001824,PSD_00001824__SkinDisNet_SD_67.jpg,PSD_00002656,PSD_00002656__SkinDisNet_SD (33)_06.jpg
Seborrheic_Dermatitis,PSD_00001825,PSD_00001825__SkinDisNet_SD_68.jpg,PSD_00002306,PSD_00002306__SkinDisNet_SD_68_01.jpg
Seborrheic_Dermatitis,PSD_00001825,PSD_00001825__SkinDisNet_SD_68.jpg,PSD_00002310,PSD_00002310__SkinDisNet_SD_68_05.jpg
Seborrheic_Dermatitis,PSD_00001825,PSD_00001825__SkinDisNet_SD_68.jpg,PSD_00002311,PSD_00002311__SkinDisNet_SD_68_06.jpg
Seborrheic_Dermatitis,PSD_00001826,PSD_00001826__SkinDisNet_SD_69.jpg,PSD_00002317,PSD_00002317__SkinDisNet_SD_69_05.jpg
Seborrheic_Dermatitis,PSD_00001826,PSD_00001826__SkinDisNet_SD_69.jpg,PSD_00002318,PSD_00002318__SkinDisNet_SD_69_06.jpg
Seborrheic_Dermatitis,PSD_00001827,PSD_00001827__SkinDisNet_SD_70.jpg,PSD_00002324,PSD_00002324__SkinDisNet_SD_70_05.jpg
Seborrheic_Dermatitis,PSD_00001827,PSD_00001827__SkinDisNet_SD_70.jpg,PSD_00002325,PSD_00002325__SkinDisNet_SD_70_06.jpg
Seborrheic_Dermatitis,PSD_00001827,PSD_00001827__SkinDisNet_SD_70.jpg,PSD_00002462,PSD_00002462__SkinDisNet_SD (75).jpg
Seborrheic_Dermatitis,PSD_00001827,PSD_00001827__SkinDisNet_SD_70.jpg,PSD_00002977,PSD_00002977__SkinDisNet_SD (75)_05.jpg
Seborrheic_Dermatitis,PSD_00001827,PSD_00001827__SkinDisNet_SD_70.jpg,PSD_00002978,PSD_00002978__SkinDisNet_SD (75)_06.jpg
Seborrheic_Dermatitis,PSD_00001829,PSD_00001829__SkinDisNet_SD_72.jpg,PSD_00002338,PSD_00002338__SkinDisNet_SD_72_05.jpg
Seborrheic_Dermatitis,PSD_00001829,PSD_00001829__SkinDisNet_SD_72.jpg,PSD_00002339,PSD_00002339__SkinDisNet_SD_72_06.jpg
Seborrheic_Dermatitis,PSD_00001829,PSD_00001829__SkinDisNet_SD_72.jpg,PSD_00002396,PSD_00002396__SkinDisNet_SD (15).jpg
Seborrheic_Dermatitis,PSD_00001829,PSD_00001829__SkinDisNet_SD_72.jpg,PSD_00002515,PSD_00002515__SkinDisNet_SD (15)_05.jpg
Seborrheic_Dermatitis,PSD_00001829,PSD_00001829__SkinDisNet_SD_72.jpg,PSD_00002516,PSD_00002516__SkinDisNet_SD (15)_06.jpg
Seborrheic_Dermatitis,PSD_00001830,PSD_00001830__SkinDisNet_SD_73.jpg,PSD_00002342,PSD_00002342__SkinDisNet_SD_73_02.jpg
Seborrheic_Dermatitis,PSD_00001830,PSD_00001830__SkinDisNet_SD_73.jpg,PSD_00002345,PSD_00002345__SkinDisNet_SD_73_05.jpg
Seborrheic_Dermatitis,PSD_00001830,PSD_00001830__SkinDisNet_SD_73.jpg,PSD_00002346,PSD_00002346__SkinDisNet_SD_73_06.jpg
Seborrheic_Dermatitis,PSD_00001830,PSD_00001830__SkinDisNet_SD_73.jpg,PSD_00002415,PSD_00002415__SkinDisNet_SD (32).jpg
Seborrheic_Dermatitis,PSD_00001830,PSD_00001830__SkinDisNet_SD_73.jpg,PSD_00002648,PSD_00002648__SkinDisNet_SD (32)_05.jpg
Seborrheic_Dermatitis,PSD_00001830,PSD_00001830__SkinDisNet_SD_73.jpg,PSD_00002649,PSD_00002649__SkinDisNet_SD (32)_06.jpg
Seborrheic_Dermatitis,PSD_00001831,PSD_00001831__SkinDisNet_SD_74.jpg,PSD_00002349,PSD_00002349__SkinDisNet_SD_74_02.jpg
Seborrheic_Dermatitis,PSD_00001831,PSD_00001831__SkinDisNet_SD_74.jpg,PSD_00002352,PSD_00002352__SkinDisNet_SD_74_05.jpg
Seborrheic_Dermatitis,PSD_00001831,PSD_00001831__SkinDisNet_SD_74.jpg,PSD_00002353,PSD_00002353__SkinDisNet_SD_74_06.jpg
Seborrheic_Dermatitis,PSD_00001831,PSD_00001831__SkinDisNet_SD_74.jpg,PSD_00002426,PSD_00002426__SkinDisNet_SD (42).jpg
Seborrheic_Dermatitis,PSD_00001831,PSD_00001831__SkinDisNet_SD_74.jpg,PSD_00002725,PSD_00002725__SkinDisNet_SD (42)_05.jpg
Seborrheic_Dermatitis,PSD_00001831,PSD_00001831__SkinDisNet_SD_74.jpg,PSD_00002726,PSD_00002726__SkinDisNet_SD (42)_06.jpg
Seborrheic_Dermatitis,PSD_00001832,PSD_00001832__SkinDisNet_SD_75.jpg,PSD_00002360,PSD_00002360__SkinDisNet_SD_75_06.jpg
Seborrheic_Dermatitis,PSD_00001832,PSD_00001832__SkinDisNet_SD_75.jpg,PSD_00002398,PSD_00002398__SkinDisNet_SD (17).jpg
Seborrheic_Dermatitis,PSD_00001832,PSD_00001832__SkinDisNet_SD_75.jpg,PSD_00002526,PSD_00002526__SkinDisNet_SD (17)_02.jpg
Seborrheic_Dermatitis,PSD_00001832,PSD_00001832__SkinDisNet_SD_75.jpg,PSD_00002529,PSD_00002529__SkinDisNet_SD (17)_05.jpg
Seborrheic_Dermatitis,PSD_00001832,PSD_00001832__SkinDisNet_SD_75.jpg,PSD_00002530,PSD_00002530__SkinDisNet_SD (17)_06.jpg
Seborrheic_Dermatitis,PSD_00001833,PSD_00001833__SkinDisNet_SD_76.jpg,PSD_00002364,PSD_00002364__SkinDisNet_SD_76_03.jpg
Seborrheic_Dermatitis,PSD_00001833,PSD_00001833__SkinDisNet_SD_76.jpg,PSD_00002366,PSD_00002366__SkinDisNet_SD_76_05.jpg
Seborrheic_Dermatitis,PSD_00001833,PSD_00001833__SkinDisNet_SD_76.jpg,PSD_00002367,PSD_00002367__SkinDisNet_SD_76_06.jpg
Seborrheic_Dermatitis,PSD_00001833,PSD_00001833__SkinDisNet_SD_76.jpg,PSD_00002449,PSD_00002449__SkinDisNet_SD (63).jpg
Seborrheic_Dermatitis,PSD_00001833,PSD_00001833__SkinDisNet_SD_76.jpg,PSD_00002886,PSD_00002886__SkinDisNet_SD (63)_05.jpg
Seborrheic_Dermatitis,PSD_00001833,PSD_00001833__SkinDisNet_SD_76.jpg,PSD_00002887,PSD_00002887__SkinDisNet_SD (63)_06.jpg
Seborrheic_Dermatitis,PSD_00001834,PSD_00001834__SkinDisNet_SD_77.jpg,PSD_00002370,PSD_00002370__SkinDisNet_SD_77_02.jpg
Seborrheic_Dermatitis,PSD_00001834,PSD_00001834__SkinDisNet_SD_77.jpg,PSD_00002373,PSD_00002373__SkinDisNet_SD_77_05.jpg
Seborrheic_Dermatitis,PSD_00001834,PSD_00001834__SkinDisNet_SD_77.jpg,PSD_00002374,PSD_00002374__SkinDisNet_SD_77_06.jpg
Seborrheic_Dermatitis,PSD_00001834,PSD_00001834__SkinDisNet_SD_77.jpg,PSD_00002394,PSD_00002394__SkinDisNet_SD (13).jpg
Seborrheic_Dermatitis,PSD_00001834,PSD_00001834__SkinDisNet_SD_77.jpg,PSD_00002499,PSD_00002499__SkinDisNet_SD (13)_03.jpg
Seborrheic_Dermatitis,PSD_00001834,PSD_00001834__SkinDisNet_SD_77.jpg,PSD_00002501,PSD_00002501__SkinDisNet_SD (13)_05.jpg
Seborrheic_Dermatitis,PSD_00001834,PSD_00001834__SkinDisNet_SD_77.jpg,PSD_00002502,PSD_00002502__SkinDisNet_SD (13)_06.jpg
Seborrheic_Dermatitis,PSD_00001836,PSD_00001836__SkinDisNet_SD_79.jpg,PSD_00002387,PSD_00002387__SkinDisNet_SD_79_05.jpg
Seborrheic_Dermatitis,PSD_00001836,PSD_00001836__SkinDisNet_SD_79.jpg,PSD_00002388,PSD_00002388__SkinDisNet_SD_79_06.jpg
Seborrheic_Dermatitis,PSD_00001836,PSD_00001836__SkinDisNet_SD_79.jpg,PSD_00002455,PSD_00002455__SkinDisNet_SD (69).jpg
Seborrheic_Dermatitis,PSD_00001836,PSD_00001836__SkinDisNet_SD_79.jpg,PSD_00002928,PSD_00002928__SkinDisNet_SD (69)_05.jpg
Seborrheic_Dermatitis,PSD_00001836,PSD_00001836__SkinDisNet_SD_79.jpg,PSD_00002929,PSD_00002929__SkinDisNet_SD (69)_06.jpg
Seborrheic_Dermatitis,PSD_00001843,PSD_00001843__SkinDisNet_SD_01_07.jpg,PSD_00003014,PSD_00003014__SkinDisNet_SD (8)_07.jpg
Seborrheic_Dermatitis,PSD_00001846,PSD_00001846__SkinDisNet_SD_02_03.jpg,PSD_00002266,PSD_00002266__SkinDisNet_SD_62_03.jpg
Seborrheic_Dermatitis,PSD_00001850,PSD_00001850__SkinDisNet_SD_02_07.jpg,PSD_00002270,PSD_00002270__SkinDisNet_SD_62_07.jpg
Seborrheic_Dermatitis,PSD_00001850,PSD_00001850__SkinDisNet_SD_02_07.jpg,PSD_00002340,PSD_00002340__SkinDisNet_SD_72_07.jpg
Seborrheic_Dermatitis,PSD_00001850,PSD_00001850__SkinDisNet_SD_02_07.jpg,PSD_00002496,PSD_00002496__SkinDisNet_SD (12)_07.jpg
Seborrheic_Dermatitis,PSD_00001850,PSD_00001850__SkinDisNet_SD_02_07.jpg,PSD_00002510,PSD_00002510__SkinDisNet_SD (14)_07.jpg
Seborrheic_Dermatitis,PSD_00001850,PSD_00001850__SkinDisNet_SD_02_07.jpg,PSD_00002517,PSD_00002517__SkinDisNet_SD (15)_07.jpg
Seborrheic_Dermatitis,PSD_00001852,PSD_00001852__SkinDisNet_SD_03_02.jpg,PSD_00002946,PSD_00002946__SkinDisNet_SD (71)_02.jpg
Seborrheic_Dermatitis,PSD_00001857,PSD_00001857__SkinDisNet_SD_03_07.jpg,PSD_00002333,PSD_00002333__SkinDisNet_SD_71_07.jpg
Seborrheic_Dermatitis,PSD_00001857,PSD_00001857__SkinDisNet_SD_03_07.jpg,PSD_00002944,PSD_00002944__SkinDisNet_SD (70)_07.jpg
Seborrheic_Dermatitis,PSD_00001857,PSD_00001857__SkinDisNet_SD_03_07.jpg,PSD_00002951,PSD_00002951__SkinDisNet_SD (71)_07.jpg
Seborrheic_Dermatitis,PSD_00001864,PSD_00001864__SkinDisNet_SD_04_07.jpg,PSD_00002881,PSD_00002881__SkinDisNet_SD (62)_07.jpg
Seborrheic_Dermatitis,PSD_00001871,PSD_00001871__SkinDisNet_SD_05_07.jpg,PSD_00001983,PSD_00001983__SkinDisNet_SD_21_07.jpg
Seborrheic_Dermatitis,PSD_00001871,PSD_00001871__SkinDisNet_SD_05_07.jpg,PSD_00002235,PSD_00002235__SkinDisNet_SD_57_07.jpg
Seborrheic_Dermatitis,PSD_00001871,PSD_00001871__SkinDisNet_SD_05_07.jpg,PSD_00002538,PSD_00002538__SkinDisNet_SD (18)_07.jpg
Seborrheic_Dermatitis,PSD_00001871,PSD_00001871__SkinDisNet_SD_05_07.jpg,PSD_00002545,PSD_00002545__SkinDisNet_SD (19)_07.jpg
Seborrheic_Dermatitis,PSD_00001878,PSD_00001878__SkinDisNet_SD_06_07.jpg,PSD_00001976,PSD_00001976__SkinDisNet_SD_20_07.jpg
Seborrheic_Dermatitis,PSD_00001878,PSD_00001878__SkinDisNet_SD_06_07.jpg,PSD_00002018,PSD_00002018__SkinDisNet_SD_26_07.jpg
Seborrheic_Dermatitis,PSD_00001878,PSD_00001878__SkinDisNet_SD_06_07.jpg,PSD_00002060,PSD_00002060__SkinDisNet_SD_32_07.jpg
Seborrheic_Dermatitis,PSD_00001878,PSD_00001878__SkinDisNet_SD_06_07.jpg,PSD_00002095,PSD_00002095__SkinDisNet_SD_37_07.jpg
Seborrheic_Dermatitis,PSD_00001878,PSD_00001878__SkinDisNet_SD_06_07.jpg,PSD_00002200,PSD_00002200__SkinDisNet_SD_52_07.jpg
Seborrheic_Dermatitis,PSD_00001878,PSD_00001878__SkinDisNet_SD_06_07.jpg,PSD_00002298,PSD_00002298__SkinDisNet_SD_66_07.jpg
Seborrheic_Dermatitis,PSD_00001878,PSD_00001878__SkinDisNet_SD_06_07.jpg,PSD_00002475,PSD_00002475__SkinDisNet_SD (1)_07.jpg
Seborrheic_Dermatitis,PSD_00001878,PSD_00001878__SkinDisNet_SD_06_07.jpg,PSD_00002685,PSD_00002685__SkinDisNet_SD (37)_07.jpg
Seborrheic_Dermatitis,PSD_00001878,PSD_00001878__SkinDisNet_SD_06_07.jpg,PSD_00002692,PSD_00002692__SkinDisNet_SD (38)_07.jpg
Seborrheic_Dermatitis,PSD_00001878,PSD_00001878__SkinDisNet_SD_06_07.jpg,PSD_00002699,PSD_00002699__SkinDisNet_SD (39)_07.jpg
Seborrheic_Dermatitis,PSD_00001878,PSD_00001878__SkinDisNet_SD_06_07.jpg,PSD_00002713,PSD_00002713__SkinDisNet_SD (40)_07.jpg
Seborrheic_Dermatitis,PSD_00001878,PSD_00001878__SkinDisNet_SD_06_07.jpg,PSD_00002720,PSD_00002720__SkinDisNet_SD (41)_07.jpg
Seborrheic_Dermatitis,PSD_00001885,PSD_00001885__SkinDisNet_SD_07_07.jpg,PSD_00002102,PSD_00002102__SkinDisNet_SD_38_07.jpg
Seborrheic_Dermatitis,PSD_00001885,PSD_00001885__SkinDisNet_SD_07_07.jpg,PSD_00002769,PSD_00002769__SkinDisNet_SD (48)_07.jpg
Seborrheic_Dermatitis,PSD_00001885,PSD_00001885__SkinDisNet_SD_07_07.jpg,PSD_00002825,PSD_00002825__SkinDisNet_SD (55)_07.jpg
Seborrheic_Dermatitis,PSD_00001892,PSD_00001892__SkinDisNet_SD_08_07.jpg,PSD_00001934,PSD_00001934__SkinDisNet_SD_14_07.jpg
Seborrheic_Dermatitis,PSD_00001892,PSD_00001892__SkinDisNet_SD_08_07.jpg,PSD_00002046,PSD_00002046__SkinDisNet_SD_30_07.jpg
Seborrheic_Dermatitis,PSD_00001892,PSD_00001892__SkinDisNet_SD_08_07.jpg,PSD_00002326,PSD_00002326__SkinDisNet_SD_70_07.jpg
Seborrheic_Dermatitis,PSD_00001892,PSD_00001892__SkinDisNet_SD_08_07.jpg,PSD_00002860,PSD_00002860__SkinDisNet_SD (6)_07.jpg
Seborrheic_Dermatitis,PSD_00001892,PSD_00001892__SkinDisNet_SD_08_07.jpg,PSD_00002972,PSD_00002972__SkinDisNet_SD (74)_07.jpg
Seborrheic_Dermatitis,PSD_00001892,PSD_00001892__SkinDisNet_SD_08_07.jpg,PSD_00002979,PSD_00002979__SkinDisNet_SD (75)_07.jpg
Seborrheic_Dermatitis,PSD_00001893,PSD_00001893__SkinDisNet_SD_09_01.jpg,PSD_00002805,PSD_00002805__SkinDisNet_SD (53)_01.jpg
Seborrheic_Dermatitis,PSD_00001893,PSD_00001893__SkinDisNet_SD_09_01.jpg,PSD_00002812,PSD_00002812__SkinDisNet_SD (54)_01.jpg
Seborrheic_Dermatitis,PSD_00001899,PSD_00001899__SkinDisNet_SD_09_07.jpg,PSD_00002088,PSD_00002088__SkinDisNet_SD_36_07.jpg
Seborrheic_Dermatitis,PSD_00001899,PSD_00001899__SkinDisNet_SD_09_07.jpg,PSD_00002382,PSD_00002382__SkinDisNet_SD_78_07.jpg
Seborrheic_Dermatitis,PSD_00001899,PSD_00001899__SkinDisNet_SD_09_07.jpg,PSD_00002804,PSD_00002804__SkinDisNet_SD (52)_07.jpg
Seborrheic_Dermatitis,PSD_00001899,PSD_00001899__SkinDisNet_SD_09_07.jpg,PSD_00002811,PSD_00002811__SkinDisNet_SD (53)_07.jpg
Seborrheic_Dermatitis,PSD_00001899,PSD_00001899__SkinDisNet_SD_09_07.jpg,PSD_00002818,PSD_00002818__SkinDisNet_SD (54)_07.jpg
Seborrheic_Dermatitis,PSD_00001906,PSD_00001906__SkinDisNet_SD_10_07.jpg,PSD_00002389,PSD_00002389__SkinDisNet_SD_79_07.jpg
Seborrheic_Dermatitis,PSD_00001906,PSD_00001906__SkinDisNet_SD_10_07.jpg,PSD_00002923,PSD_00002923__SkinDisNet_SD (68)_07.jpg
Seborrheic_Dermatitis,PSD_00001906,PSD_00001906__SkinDisNet_SD_10_07.jpg,PSD_00002930,PSD_00002930__SkinDisNet_SD (69)_07.jpg
Seborrheic_Dermatitis,PSD_00001908,PSD_00001908__SkinDisNet_SD_11_02.jpg,PSD_00002673,PSD_00002673__SkinDisNet_SD (36)_02.jpg
Seborrheic_Dermatitis,PSD_00001913,PSD_00001913__SkinDisNet_SD_11_07.jpg,PSD_00002678,PSD_00002678__SkinDisNet_SD (36)_07.jpg
Seborrheic_Dermatitis,PSD_00001916,PSD_00001916__SkinDisNet_SD_12_03.jpg,PSD_00002772,PSD_00002772__SkinDisNet_SD (49)_03.jpg
Seborrheic_Dermatitis,PSD_00001919,PSD_00001919__SkinDisNet_SD_12_06.jpg,PSD_00002775,PSD_00002775__SkinDisNet_SD (49)_06.jpg
Seborrheic_Dermatitis,PSD_00001920,PSD_00001920__SkinDisNet_SD_12_07.jpg,PSD_00002776,PSD_00002776__SkinDisNet_SD (49)_07.jpg
Seborrheic_Dermatitis,PSD_00001927,PSD_00001927__SkinDisNet_SD_13_07.jpg,PSD_00003021,PSD_00003021__SkinDisNet_SD (9)_07.jpg
Seborrheic_Dermatitis,PSD_00001936,PSD_00001936__SkinDisNet_SD_15_02.jpg,PSD_00002848,PSD_00002848__SkinDisNet_SD (59)_02.jpg
Seborrheic_Dermatitis,PSD_00001937,PSD_00001937__SkinDisNet_SD_15_03.jpg,PSD_00002849,PSD_00002849__SkinDisNet_SD (59)_03.jpg
Seborrheic_Dermatitis,PSD_00001938,PSD_00001938__SkinDisNet_SD_15_04.jpg,PSD_00002850,PSD_00002850__SkinDisNet_SD (59)_04.jpg
Seborrheic_Dermatitis,PSD_00001941,PSD_00001941__SkinDisNet_SD_15_07.jpg,PSD_00002853,PSD_00002853__SkinDisNet_SD (59)_07.jpg
Seborrheic_Dermatitis,PSD_00001943,PSD_00001943__SkinDisNet_SD_16_02.jpg,PSD_00002890,PSD_00002890__SkinDisNet_SD (64)_02.jpg
Seborrheic_Dermatitis,PSD_00001948,PSD_00001948__SkinDisNet_SD_16_07.jpg,PSD_00002895,PSD_00002895__SkinDisNet_SD (64)_07.jpg
Seborrheic_Dermatitis,PSD_00001949,PSD_00001949__SkinDisNet_SD_17_01.jpg,PSD_00002581,PSD_00002581__SkinDisNet_SD (24)_01.jpg
Seborrheic_Dermatitis,PSD_00001955,PSD_00001955__SkinDisNet_SD_17_07.jpg,PSD_00002587,PSD_00002587__SkinDisNet_SD (24)_07.jpg
Seborrheic_Dermatitis,PSD_00001958,PSD_00001958__SkinDisNet_SD_18_03.jpg,PSD_00003003,PSD_00003003__SkinDisNet_SD (79)_03.jpg
Seborrheic_Dermatitis,PSD_00001962,PSD_00001962__SkinDisNet_SD_18_07.jpg,PSD_00003007,PSD_00003007__SkinDisNet_SD (79)_07.jpg
Seborrheic_Dermatitis,PSD_00001965,PSD_00001965__SkinDisNet_SD_19_03.jpg,PSD_00002478,PSD_00002478__SkinDisNet_SD (10)_03.jpg
Seborrheic_Dermatitis,PSD_00001969,PSD_00001969__SkinDisNet_SD_19_07.jpg,PSD_00002482,PSD_00002482__SkinDisNet_SD (10)_07.jpg
Seborrheic_Dermatitis,PSD_00001990,PSD_00001990__SkinDisNet_SD_22_07.jpg,PSD_00002734,PSD_00002734__SkinDisNet_SD (43)_07.jpg
Seborrheic_Dermatitis,PSD_00001997,PSD_00001997__SkinDisNet_SD_23_07.jpg,PSD_00002748,PSD_00002748__SkinDisNet_SD (45)_07.jpg
Seborrheic_Dermatitis,PSD_00002003,PSD_00002003__SkinDisNet_SD_24_06.jpg,PSD_00002614,PSD_00002614__SkinDisNet_SD (28)_06.jpg
Seborrheic_Dermatitis,PSD_00002004,PSD_00002004__SkinDisNet_SD_24_07.jpg,PSD_00002615,PSD_00002615__SkinDisNet_SD (28)_07.jpg
Seborrheic_Dermatitis,PSD_00002011,PSD_00002011__SkinDisNet_SD_25_07.jpg,PSD_00002207,PSD_00002207__SkinDisNet_SD_53_07.jpg
Seborrheic_Dermatitis,PSD_00002011,PSD_00002011__SkinDisNet_SD_25_07.jpg,PSD_00002489,PSD_00002489__SkinDisNet_SD (11)_07.jpg
Seborrheic_Dermatitis,PSD_00002011,PSD_00002011__SkinDisNet_SD_25_07.jpg,PSD_00002839,PSD_00002839__SkinDisNet_SD (57)_07.jpg
Seborrheic_Dermatitis,PSD_00002014,PSD_00002014__SkinDisNet_SD_26_03.jpg,PSD_00002681,PSD_00002681__SkinDisNet_SD (37)_03.jpg
Seborrheic_Dermatitis,PSD_00002025,PSD_00002025__SkinDisNet_SD_27_07.jpg,PSD_00002986,PSD_00002986__SkinDisNet_SD (76)_07.jpg
Seborrheic_Dermatitis,PSD_00002027,PSD_00002027__SkinDisNet_SD_28_02.jpg,PSD_00002960,PSD_00002960__SkinDisNet_SD (73)_02.jpg
Seborrheic_Dermatitis,PSD_00002032,PSD_00002032__SkinDisNet_SD_28_07.jpg,PSD_00002965,PSD_00002965__SkinDisNet_SD (73)_07.jpg
Seborrheic_Dermatitis,PSD_00002039,PSD_00002039__SkinDisNet_SD_29_07.jpg,PSD_00002116,PSD_00002116__SkinDisNet_SD_40_07.jpg
Seborrheic_Dermatitis,PSD_00002039,PSD_00002039__SkinDisNet_SD_29_07.jpg,PSD_00002144,PSD_00002144__SkinDisNet_SD_44_07.jpg
Seborrheic_Dermatitis,PSD_00002039,PSD_00002039__SkinDisNet_SD_29_07.jpg,PSD_00002566,PSD_00002566__SkinDisNet_SD (21)_07.jpg
Seborrheic_Dermatitis,PSD_00002039,PSD_00002039__SkinDisNet_SD_29_07.jpg,PSD_00002573,PSD_00002573__SkinDisNet_SD (22)_07.jpg
Seborrheic_Dermatitis,PSD_00002039,PSD_00002039__SkinDisNet_SD_29_07.jpg,PSD_00002608,PSD_00002608__SkinDisNet_SD (27)_07.jpg
Seborrheic_Dermatitis,PSD_00002053,PSD_00002053__SkinDisNet_SD_31_07.jpg,PSD_00002671,PSD_00002671__SkinDisNet_SD (35)_07.jpg
Seborrheic_Dermatitis,PSD_00002061,PSD_00002061__SkinDisNet_SD_33_01.jpg,PSD_00002994,PSD_00002994__SkinDisNet_SD (78)_01.jpg
Seborrheic_Dermatitis,PSD_00002067,PSD_00002067__SkinDisNet_SD_33_07.jpg,PSD_00003000,PSD_00003000__SkinDisNet_SD (78)_07.jpg
Seborrheic_Dermatitis,PSD_00002074,PSD_00002074__SkinDisNet_SD_34_07.jpg,PSD_00002319,PSD_00002319__SkinDisNet_SD_69_07.jpg
Seborrheic_Dermatitis,PSD_00002074,PSD_00002074__SkinDisNet_SD_34_07.jpg,PSD_00002354,PSD_00002354__SkinDisNet_SD_74_07.jpg
Seborrheic_Dermatitis,PSD_00002074,PSD_00002074__SkinDisNet_SD_34_07.jpg,PSD_00002727,PSD_00002727__SkinDisNet_SD (42)_07.jpg
Seborrheic_Dermatitis,PSD_00002074,PSD_00002074__SkinDisNet_SD_34_07.jpg,PSD_00002755,PSD_00002755__SkinDisNet_SD (46)_07.jpg
Seborrheic_Dermatitis,PSD_00002074,PSD_00002074__SkinDisNet_SD_34_07.jpg,PSD_00002790,PSD_00002790__SkinDisNet_SD (50)_07.jpg
Seborrheic_Dermatitis,PSD_00002076,PSD_00002076__SkinDisNet_SD_35_02.jpg,PSD_00002953,PSD_00002953__SkinDisNet_SD (72)_02.jpg
Seborrheic_Dermatitis,PSD_00002080,PSD_00002080__SkinDisNet_SD_35_06.jpg,PSD_00002956,PSD_00002956__SkinDisNet_SD (72)_05.jpg
Seborrheic_Dermatitis,PSD_00002080,PSD_00002080__SkinDisNet_SD_35_06.jpg,PSD_00002957,PSD_00002957__SkinDisNet_SD (72)_06.jpg
Seborrheic_Dermatitis,PSD_00002081,PSD_00002081__SkinDisNet_SD_35_07.jpg,PSD_00002958,PSD_00002958__SkinDisNet_SD (72)_07.jpg
Seborrheic_Dermatitis,PSD_00002109,PSD_00002109__SkinDisNet_SD_39_07.jpg,PSD_00002741,PSD_00002741__SkinDisNet_SD (44)_07.jpg
Seborrheic_Dermatitis,PSD_00002111,PSD_00002111__SkinDisNet_SD_40_02.jpg,PSD_00002561,PSD_00002561__SkinDisNet_SD (21)_02.jpg
Seborrheic_Dermatitis,PSD_00002123,PSD_00002123__SkinDisNet_SD_41_07.jpg,PSD_00002305,PSD_00002305__SkinDisNet_SD_67_07.jpg
Seborrheic_Dermatitis,PSD_00002123,PSD_00002123__SkinDisNet_SD_41_07.jpg,PSD_00002657,PSD_00002657__SkinDisNet_SD (33)_07.jpg
Seborrheic_Dermatitis,PSD_00002123,PSD_00002123__SkinDisNet_SD_41_07.jpg,PSD_00002664,PSD_00002664__SkinDisNet_SD (34)_07.jpg
Seborrheic_Dermatitis,PSD_00002130,PSD_00002130__SkinDisNet_SD_42_07.jpg,PSD_00002594,PSD_00002594__SkinDisNet_SD (25)_07.jpg
Seborrheic_Dermatitis,PSD_00002133,PSD_00002133__SkinDisNet_SD_43_03.jpg,PSD_00002758,PSD_00002758__SkinDisNet_SD (47)_03.jpg
Seborrheic_Dermatitis,PSD_00002137,PSD_00002137__SkinDisNet_SD_43_07.jpg,PSD_00002762,PSD_00002762__SkinDisNet_SD (47)_07.jpg
Seborrheic_Dermatitis,PSD_00002145,PSD_00002145__SkinDisNet_SD_45_01.jpg,PSD_00002637,PSD_00002637__SkinDisNet_SD (31)_01.jpg
Seborrheic_Dermatitis,PSD_00002151,PSD_00002151__SkinDisNet_SD_45_07.jpg,PSD_00002643,PSD_00002643__SkinDisNet_SD (31)_07.jpg
Seborrheic_Dermatitis,PSD_00002158,PSD_00002158__SkinDisNet_SD_46_07.jpg,PSD_00002636,PSD_00002636__SkinDisNet_SD (30)_07.jpg
Seborrheic_Dermatitis,PSD_00002160,PSD_00002160__SkinDisNet_SD_47_02.jpg,PSD_00002701,PSD_00002701__SkinDisNet_SD (4)_02.jpg
Seborrheic_Dermatitis,PSD_00002165,PSD_00002165__SkinDisNet_SD_47_07.jpg,PSD_00002706,PSD_00002706__SkinDisNet_SD (4)_07.jpg
Seborrheic_Dermatitis,PSD_00002172,PSD_00002172__SkinDisNet_SD_48_07.jpg,PSD_00002601,PSD_00002601__SkinDisNet_SD (26)_07.jpg
Seborrheic_Dermatitis,PSD_00002179,PSD_00002179__SkinDisNet_SD_49_07.jpg,PSD_00002846,PSD_00002846__SkinDisNet_SD (58)_07.jpg
Seborrheic_Dermatitis,PSD_00002185,PSD_00002185__SkinDisNet_SD_50_06.jpg,PSD_00002558,PSD_00002558__SkinDisNet_SD (20)_06.jpg
Seborrheic_Dermatitis,PSD_00002186,PSD_00002186__SkinDisNet_SD_50_07.jpg,PSD_00002559,PSD_00002559__SkinDisNet_SD (20)_07.jpg
Seborrheic_Dermatitis,PSD_00002193,PSD_00002193__SkinDisNet_SD_51_07.jpg,PSD_00002629,PSD_00002629__SkinDisNet_SD (3)_07.jpg
Seborrheic_Dermatitis,PSD_00002214,PSD_00002214__SkinDisNet_SD_54_07.jpg,PSD_00002993,PSD_00002993__SkinDisNet_SD (77)_07.jpg
Seborrheic_Dermatitis,PSD_00002221,PSD_00002221__SkinDisNet_SD_55_07.jpg,PSD_00002937,PSD_00002937__SkinDisNet_SD (7)_07.jpg
Seborrheic_Dermatitis,PSD_00002222,PSD_00002222__SkinDisNet_SD_56_01.jpg,PSD_00002910,PSD_00002910__SkinDisNet_SD (67)_01.jpg
Seborrheic_Dermatitis,PSD_00002228,PSD_00002228__SkinDisNet_SD_56_07.jpg,PSD_00002916,PSD_00002916__SkinDisNet_SD (67)_07.jpg
Seborrheic_Dermatitis,PSD_00002230,PSD_00002230__SkinDisNet_SD_57_02.jpg,PSD_00002540,PSD_00002540__SkinDisNet_SD (19)_02.jpg
Seborrheic_Dermatitis,PSD_00002249,PSD_00002249__SkinDisNet_SD_59_07.jpg,PSD_00002909,PSD_00002909__SkinDisNet_SD (66)_07.jpg
Seborrheic_Dermatitis,PSD_00002256,PSD_00002256__SkinDisNet_SD_60_07.jpg,PSD_00002832,PSD_00002832__SkinDisNet_SD (56)_07.jpg
Seborrheic_Dermatitis,PSD_00002263,PSD_00002263__SkinDisNet_SD_61_07.jpg,PSD_00002524,PSD_00002524__SkinDisNet_SD (16)_07.jpg
Seborrheic_Dermatitis,PSD_00002265,PSD_00002265__SkinDisNet_SD_62_02.jpg,PSD_00002505,PSD_00002505__SkinDisNet_SD (14)_02.jpg
Seborrheic_Dermatitis,PSD_00002277,PSD_00002277__SkinDisNet_SD_63_07.jpg,PSD_00002797,PSD_00002797__SkinDisNet_SD (51)_07.jpg
Seborrheic_Dermatitis,PSD_00002278,PSD_00002278__SkinDisNet_SD_64_01.jpg,PSD_00002896,PSD_00002896__SkinDisNet_SD (65)_01.jpg
Seborrheic_Dermatitis,PSD_00002279,PSD_00002279__SkinDisNet_SD_64_02.jpg,PSD_00002897,PSD_00002897__SkinDisNet_SD (65)_02.jpg
Seborrheic_Dermatitis,PSD_00002284,PSD_00002284__SkinDisNet_SD_64_07.jpg,PSD_00002902,PSD_00002902__SkinDisNet_SD (65)_07.jpg
Seborrheic_Dermatitis,PSD_00002285,PSD_00002285__SkinDisNet_SD_65_01.jpg,PSD_00002868,PSD_00002868__SkinDisNet_SD (61)_01.jpg
Seborrheic_Dermatitis,PSD_00002286,PSD_00002286__SkinDisNet_SD_65_02.jpg,PSD_00002869,PSD_00002869__SkinDisNet_SD (61)_02.jpg
Seborrheic_Dermatitis,PSD_00002291,PSD_00002291__SkinDisNet_SD_65_07.jpg,PSD_00002874,PSD_00002874__SkinDisNet_SD (61)_07.jpg
Seborrheic_Dermatitis,PSD_00002313,PSD_00002313__SkinDisNet_SD_69_01.jpg,PSD_00002315,PSD_00002315__SkinDisNet_SD_69_03.jpg
Seborrheic_Dermatitis,PSD_00002327,PSD_00002327__SkinDisNet_SD_71_01.jpg,PSD_00002924,PSD_00002924__SkinDisNet_SD (69)_01.jpg
Seborrheic_Dermatitis,PSD_00002335,PSD_00002335__SkinDisNet_SD_72_02.jpg,PSD_00002512,PSD_00002512__SkinDisNet_SD (15)_02.jpg
Seborrheic_Dermatitis,PSD_00002347,PSD_00002347__SkinDisNet_SD_73_07.jpg,PSD_00002650,PSD_00002650__SkinDisNet_SD (32)_07.jpg
Seborrheic_Dermatitis,PSD_00002355,PSD_00002355__SkinDisNet_SD_75_01.jpg,PSD_00002525,PSD_00002525__SkinDisNet_SD (17)_01.jpg
Seborrheic_Dermatitis,PSD_00002361,PSD_00002361__SkinDisNet_SD_75_07.jpg,PSD_00002531,PSD_00002531__SkinDisNet_SD (17)_07.jpg
Seborrheic_Dermatitis,PSD_00002368,PSD_00002368__SkinDisNet_SD_76_07.jpg,PSD_00002888,PSD_00002888__SkinDisNet_SD (63)_07.jpg
Seborrheic_Dermatitis,PSD_00002375,PSD_00002375__SkinDisNet_SD_77_07.jpg,PSD_00002503,PSD_00002503__SkinDisNet_SD (13)_07.jpg
Seborrheic_Dermatitis,PSD_00002384,PSD_00002384__SkinDisNet_SD_79_02.jpg,PSD_00002925,PSD_00002925__SkinDisNet_SD (69)_02.jpg
Seborrheic_Dermatitis,PSD_00002385,PSD_00002385__SkinDisNet_SD_79_03.jpg,PSD_00002926,PSD_00002926__SkinDisNet_SD (69)_03.jpg
Seborrheic_Dermatitis,PSD_00002390,PSD_00002390__SkinDisNet_SD (1).jpg,PSD_00002473,PSD_00002473__SkinDisNet_SD (1)_05.jpg
Seborrheic_Dermatitis,PSD_00002390,PSD_00002390__SkinDisNet_SD (1).jpg,PSD_00002474,PSD_00002474__SkinDisNet_SD (1)_06.jpg
Seborrheic_Dermatitis,PSD_00002401,PSD_00002401__SkinDisNet_SD (2).jpg,PSD_00002550,PSD_00002550__SkinDisNet_SD (2)_05.jpg
Seborrheic_Dermatitis,PSD_00002401,PSD_00002401__SkinDisNet_SD (2).jpg,PSD_00002551,PSD_00002551__SkinDisNet_SD (2)_06.jpg
Seborrheic_Dermatitis,PSD_00002405,PSD_00002405__SkinDisNet_SD (23).jpg,PSD_00002578,PSD_00002578__SkinDisNet_SD (23)_05.jpg
Seborrheic_Dermatitis,PSD_00002405,PSD_00002405__SkinDisNet_SD (23).jpg,PSD_00002579,PSD_00002579__SkinDisNet_SD (23)_06.jpg
Seborrheic_Dermatitis,PSD_00002411,PSD_00002411__SkinDisNet_SD (29).jpg,PSD_00002620,PSD_00002620__SkinDisNet_SD (29)_05.jpg
Seborrheic_Dermatitis,PSD_00002411,PSD_00002411__SkinDisNet_SD (29).jpg,PSD_00002621,PSD_00002621__SkinDisNet_SD (29)_06.jpg
Seborrheic_Dermatitis,PSD_00002434,PSD_00002434__SkinDisNet_SD (5).jpg,PSD_00002781,PSD_00002781__SkinDisNet_SD (5)_05.jpg
Seborrheic_Dermatitis,PSD_00002434,PSD_00002434__SkinDisNet_SD (5).jpg,PSD_00002782,PSD_00002782__SkinDisNet_SD (5)_06.jpg
Seborrheic_Dermatitis,PSD_00002435,PSD_00002435__SkinDisNet_SD (50).jpg,PSD_00002788,PSD_00002788__SkinDisNet_SD (50)_05.jpg
Seborrheic_Dermatitis,PSD_00002435,PSD_00002435__SkinDisNet_SD (50).jpg,PSD_00002789,PSD_00002789__SkinDisNet_SD (50)_06.jpg
Seborrheic_Dermatitis,PSD_00002446,PSD_00002446__SkinDisNet_SD (60).jpg,PSD_00002865,PSD_00002865__SkinDisNet_SD (60)_05.jpg
Seborrheic_Dermatitis,PSD_00002446,PSD_00002446__SkinDisNet_SD (60).jpg,PSD_00002866,PSD_00002866__SkinDisNet_SD (60)_06.jpg
