psd_id,true_class,marginal_prediction_set,marginal_set_size,marginal_covered,mondrian_prediction_set,mondrian_set_size,mondrian_covered
PSD_00001445,Psoriasis,Psoriasis,1,1,Psoriasis;Pityriasis_Rosea,2,1
PSD_00001523,Psoriasis,Psoriasis,1,1,Psoriasis;Pityriasis_Rosea,2,1
PSD_00000982,Psoriasis,Psoriasis;Lichen_Planus,2,1,Psoriasis;Lichen_Planus,2,1
PSD_00003188,Pityriasis_Rosea,Pityriasis_Rosea,1,1,Pityriasis_Rosea,1,1
PSD_00000844,Psoriasis,Psoriasis,1,1,Psoriasis;Lichen_Planus;Pityriasis_Rosea,3,1
PSD_00000598,Lichen_Planus,Lichen_Planus,1,1,Lichen_Planus,1,1
PSD_00003066,Lichen_Planus,Lichen_Planus,1,1,Lichen_Planus;Pityriasis_Rosea,2,1
PSD_00003413,Psoriasis,Psoriasis,1,1,Psoriasis;Pityriasis_Rosea,2,1
PSD_00000851,Psoriasis,Psoriasis,1,1,Psoriasis,1,1
PSD_00003059,Lichen_Planus,Psoriasis;Lichen_Planus,2,1,Lichen_Planus,1,1
PSD_00003071,Lichen_Planus,Lichen_Planus,1,1,Lichen_Planus;Pityriasis_Rosea,2,1
PSD_00001374,Psoriasis,Psoriasis,1,1,Psoriasis,1,1
PSD_00003119,Lichen_Planus,Psoriasis;Lichen_Planus,2,1,Psoriasis;Lichen_Planus,2,1
PSD_00000915,Psoriasis,Psoriasis,1,1,Psoriasis;Pityriasis_Rosea,2,1
PSD_00000739,Pityriasis_Rosea,Psoriasis,1,0,Psoriasis;Pityriasis_Rosea,2,1
PSD_00003022,Lichen_Planus,Psoriasis;Lichen_Planus,2,1,Psoriasis;Lichen_Planus;Pityriasis_Rosea,3,1
PSD_00000905,Psoriasis,Psoriasis,1,1,Psoriasis;Lichen_Planus;Pityriasis_Rosea,3,1
PSD_00003248,Pityriasis_Rosea,Pityriasis_Rosea,1,1,Pityriasis_Rosea,1,1
PSD_00000768,Pityriasis_Rosea,Psoriasis;Seborrheic_Dermatitis,2,0,Psoriasis;Pityriasis_Rosea,2,1
PSD_00001760,Seborrheic_Dermatitis,Seborrheic_Dermatitis,1,1,Seborrheic_Dermatitis,1,1
PSD_00001800,Seborrheic_Dermatitis,Seborrheic_Dermatitis,1,1,Seborrheic_Dermatitis,1,1
PSD_00000904,Psoriasis,Psoriasis;Lichen_Planus,2,1,Psoriasis;Lichen_Planus;Pityriasis_Rosea,3,1
PSD_00000539,Lichen_Planus,Psoriasis;Lichen_Planus,2,1,Psoriasis;Lichen_Planus,2,1
PSD_00001492,Psoriasis,Psoriasis,1,1,Psoriasis,1,1
PSD_00001569,Psoriasis,Psoriasis,1,1,Psoriasis;Pityriasis_Rosea,2,1
PSD_00001253,Psoriasis,Psoriasis,1,1,Psoriasis,1,1
PSD_00001135,Psoriasis,Psoriasis,1,1,Psoriasis,1,1
PSD_00001673,Seborrheic_Dermatitis,Seborrheic_Dermatitis,1,1,Seborrheic_Dermatitis,1,1
PSD_00003373,Psoriasis,Psoriasis;Lichen_Planus,2,1,Lichen_Planus,1,0
PSD_00003260,Pityriasis_Rosea,Pityriasis_Rosea,1,1,Pityriasis_Rosea,1,1
PSD_00003299,Psoriasis,Psoriasis;Lichen_Planus,2,1,Psoriasis;Lichen_Planus,2,1
PSD_00001151,Psoriasis,Psoriasis,1,1,Psoriasis;Lichen_Planus,2,1
PSD_00001019,Psoriasis,Psoriasis,1,1,Psoriasis;Pityriasis_Rosea,2,1
PSD_00001745,Seborrheic_Dermatitis,Seborrheic_Dermatitis,1,1,Seborrheic_Dermatitis,1,1
PSD_00000654,Lichen_Planus,Lichen_Planus,1,1,Lichen_Planus,1,1
PSD_00003228,Pityriasis_Rosea,Pityriasis_Rosea,1,1,Pityriasis_Rosea,1,1
PSD_00001094,Psoriasis,Psoriasis;Pityriasis_Rosea,2,1,Psoriasis;Pityriasis_Rosea,2,1
PSD_00001208,Psoriasis,Psoriasis,1,1,Psoriasis,1,1
PSD_00001825,Seborrheic_Dermatitis,Seborrheic_Dermatitis,1,1,Seborrheic_Dermatitis,1,1
PSD_00003375,Psoriasis,Psoriasis,1,1,Psoriasis,1,1
PSD_00001672,Psoriasis,Psoriasis,1,1,Psoriasis,1,1
PSD_00001089,Psoriasis,Psoriasis,1,1,Psoriasis;Pityriasis_Rosea,2,1
PSD_00000892,Psoriasis,Psoriasis,1,1,Psoriasis,1,1
PSD_00001727,Seborrheic_Dermatitis,Seborrheic_Dermatitis,1,1,Seborrheic_Dermatitis,1,1
PSD_00000789,Pityriasis_Rosea,Pityriasis_Rosea,1,1,Pityriasis_Rosea,1,1
PSD_00001111,Psoriasis,Psoriasis,1,1,Psoriasis,1,1
PSD_00000662,Lichen_Planus,Psoriasis;Lichen_Planus,2,1,Psoriasis;Lichen_Planus,2,1
PSD_00000678,Lichen_Planus,Lichen_Planus,1,1,Lichen_Planus,1,1
PSD_00001822,Seborrheic_Dermatitis,Seborrheic_Dermatitis,1,1,Seborrheic_Dermatitis,1,1
PSD_00000634,Lichen_Planus,Psoriasis;Lichen_Planus,2,1,Lichen_Planus,1,1
PSD_00003305,Psoriasis,Psoriasis,1,1,Psoriasis;Lichen_Planus,2,1
PSD_00000727,Pityriasis_Rosea,Pityriasis_Rosea,1,1,Pityriasis_Rosea,1,1
PSD_00003349,Psoriasis,Psoriasis;Lichen_Planus,2,1,Lichen_Planus,1,0
PSD_00003081,Lichen_Planus,Psoriasis;Lichen_Planus,2,1,Lichen_Planus;Pityriasis_Rosea,2,1
PSD_00001216,Psoriasis,Psoriasis,1,1,Psoriasis,1,1
PSD_00000855,Psoriasis,Psoriasis,1,1,Psoriasis,1,1
PSD_00003102,Lichen_Planus,Lichen_Planus,1,1,Lichen_Planus,1,1
PSD_00003041,Lichen_Planus,Lichen_Planus,1,1,Lichen_Planus,1,1
PSD_00000804,Pityriasis_Rosea,Lichen_Planus;Pityriasis_Rosea,2,1,Lichen_Planus;Pityriasis_Rosea,2,1
PSD_00003351,Psoriasis,Psoriasis,1,1,Psoriasis,1,1
PSD_00003389,Psoriasis,Psoriasis;Lichen_Planus,2,1,Psoriasis;Lichen_Planus,2,1
PSD_00000938,Psoriasis,Psoriasis,1,1,Psoriasis,1,1
PSD_00001500,Psoriasis,Psoriasis,1,1,Psoriasis;Pityriasis_Rosea,2,1
PSD_00000914,Psoriasis,Psoriasis,1,1,Psoriasis;Pityriasis_Rosea,2,1
PSD_00001356,Psoriasis,Psoriasis;Lichen_Planus,2,1,Psoriasis;Lichen_Planus,2,1
PSD_00000833,Pityriasis_Rosea,Pityriasis_Rosea,1,1,Pityriasis_Rosea,1,1
PSD_00001615,Psoriasis,Psoriasis,1,1,Psoriasis,1,1
PSD_00001318,Psoriasis,Psoriasis;Lichen_Planus,2,1,Psoriasis;Lichen_Planus,2,1
PSD_00003072,Lichen_Planus,Lichen_Planus,1,1,Lichen_Planus;Pityriasis_Rosea,2,1
PSD_00003372,Psoriasis,Psoriasis;Lichen_Planus,2,1,Psoriasis;Lichen_Planus;Pityriasis_Rosea,3,1
PSD_00000677,Lichen_Planus,Pityriasis_Rosea,1,0,Lichen_Planus;Pityriasis_Rosea,2,1
PSD_00001481,Psoriasis,Psoriasis,1,1,Psoriasis,1,1
PSD_00001171,Psoriasis,Psoriasis,1,1,Psoriasis;Lichen_Planus,2,1
PSD_00001361,Psoriasis,Psoriasis;Lichen_Planus,2,1,Psoriasis;Lichen_Planus,2,1
PSD_00001403,Psoriasis,Psoriasis,1,1,Psoriasis;Pityriasis_Rosea,2,1
PSD_00001477,Psoriasis,Psoriasis,1,1,Psoriasis,1,1
PSD_00001102,Psoriasis,Psoriasis,1,1,Psoriasis,1,1
PSD_00001430,Psoriasis,Psoriasis,1,1,Psoriasis;Lichen_Planus,2,1
PSD_00001698,Seborrheic_Dermatitis,Seborrheic_Dermatitis,1,1,Pityriasis_Rosea;Seborrheic_Dermatitis,2,1
PSD_00001032,Psoriasis,Psoriasis;Pityriasis_Rosea,2,1,Pityriasis_Rosea,1,0
PSD_00001078,Psoriasis,Psoriasis,1,1,Psoriasis;Pityriasis_Rosea,2,1
PSD_00003301,Psoriasis,Psoriasis,1,1,Psoriasis;Pityriasis_Rosea,2,1
PSD_00003318,Psoriasis,Psoriasis;Lichen_Planus,2,1,Psoriasis;Lichen_Planus,2,1
PSD_00000558,Lichen_Planus,Psoriasis,1,0,Psoriasis;Lichen_Planus,2,1
PSD_00003403,Psoriasis,Psoriasis;Seborrheic_Dermatitis,2,1,Psoriasis;Pityriasis_Rosea,2,1
PSD_00001605,Psoriasis,Psoriasis,1,1,Psoriasis,1,1
PSD_00003414,Psoriasis,Psoriasis,1,1,Psoriasis;Lichen_Planus;Pityriasis_Rosea,3,1
PSD_00001188,Psoriasis,Psoriasis,1,1,Psoriasis;Pityriasis_Rosea,2,1
PSD_00001108,Psoriasis,Psoriasis,1,1,Psoriasis,1,1
PSD_00001406,Psoriasis,Psoriasis,1,1,Psoriasis;Pityriasis_Rosea,2,1
PSD_00001440,Psoriasis,Psoriasis,1,1,Psoriasis,1,1
PSD_00003354,Psoriasis,Psoriasis,1,1,Psoriasis;Lichen_Planus,2,1
PSD_00003209,Pityriasis_Rosea,Pityriasis_Rosea,1,1,Pityriasis_Rosea,1,1
PSD_00000932,Psoriasis,Psoriasis,1,1,Psoriasis,1,1
PSD_00001646,Psoriasis,Psoriasis,1,1,Psoriasis;Pityriasis_Rosea,2,1
PSD_00000621,Lichen_Planus,Psoriasis;Lichen_Planus,2,1,Lichen_Planus,1,1
PSD_00001418,Psoriasis,Psoriasis,1,1,Psoriasis,1,1
PSD_00001180,Psoriasis,Psoriasis,1,1,Psoriasis,1,1
PSD_00000493,Lichen_Planus,Pityriasis_Rosea,1,0,Pityriasis_Rosea,1,0
PSD_00000498,Lichen_Planus,Psoriasis;Lichen_Planus,2,1,Psoriasis;Lichen_Planus;Pityriasis_Rosea,3,1
PSD_00000713,Lichen_Planus,Psoriasis;Lichen_Planus,2,1,Psoriasis;Lichen_Planus,2,1
PSD_00001015,Psoriasis,Pityriasis_Rosea,1,0,Pityriasis_Rosea,1,0
PSD_00000639,Lichen_Planus,Psoriasis,1,0,Psoriasis;Lichen_Planus,2,1
PSD_00000767,Pityriasis_Rosea,Psoriasis,1,0,Psoriasis;Pityriasis_Rosea,2,1
PSD_00000758,Pityriasis_Rosea,Pityriasis_Rosea,1,1,Pityriasis_Rosea,1,1
PSD_00001261,Psoriasis,Psoriasis,1,1,Psoriasis,1,1
PSD_00000569,Lichen_Planus,Psoriasis,1,0,Psoriasis;Lichen_Planus,2,1
PSD_00001429,Psoriasis,Psoriasis;Seborrheic_Dermatitis,2,1,,0,0
PSD_00003085,Lichen_Planus,Psoriasis;Lichen_Planus,2,1,Psoriasis;Lichen_Planus;Pityriasis_Rosea,3,1
PSD_00000609,Lichen_Planus,Lichen_Planus,1,1,Lichen_Planus,1,1
PSD_00003062,Lichen_Planus,Lichen_Planus,1,1,Lichen_Planus,1,1
PSD_00000917,Psoriasis,Psoriasis;Lichen_Planus,2,1,Psoriasis;Lichen_Planus,2,1
PSD_00003293,Psoriasis,Lichen_Planus,1,0,Lichen_Planus,1,0
PSD_00000611,Lichen_Planus,Lichen_Planus,1,1,Lichen_Planus,1,1
PSD_00000830,Pityriasis_Rosea,Psoriasis,1,0,Psoriasis;Pityriasis_Rosea,2,1
PSD_00000863,Psoriasis,Psoriasis,1,1,Psoriasis,1,1
PSD_00003267,Pityriasis_Rosea,Psoriasis;Pityriasis_Rosea,2,1,Pityriasis_Rosea,1,1
PSD_00003383,Psoriasis,Psoriasis,1,1,Psoriasis;Lichen_Planus,2,1
PSD_00001767,Seborrheic_Dermatitis,Seborrheic_Dermatitis,1,1,Seborrheic_Dermatitis,1,1
PSD_00000824,Pityriasis_Rosea,Psoriasis;Pityriasis_Rosea,2,1,Psoriasis;Pityriasis_Rosea,2,1
PSD_00003147,Lichen_Planus,Lichen_Planus,1,1,Lichen_Planus;Pityriasis_Rosea,2,1
PSD_00003229,Pityriasis_Rosea,Psoriasis;Pityriasis_Rosea,2,1,Psoriasis;Lichen_Planus;Pityriasis_Rosea,3,1
PSD_00001649,Psoriasis,Psoriasis,1,1,Psoriasis,1,1
