psd_id,true_class,raw_pred,calib_pred,is_flipped,raw_p_Psoriasis,raw_p_Lichen_Planus,raw_p_Pityriasis_Rosea,raw_p_Seborrheic_Dermatitis,calib_p_Psoriasis,calib_p_Lichen_Planus,calib_p_Pityriasis_Rosea,calib_p_Seborrheic_Dermatitis,unnorm_row_sum
PSD_00000844,Psoriasis,Psoriasis,Psoriasis,False,0.47333333333333333,0.23,0.14666666666666667,0.15,0.61019816125814,0.19291863398519557,0.12098206368759302,0.07590114106907135,1.012767180924534
PSD_00000847,Psoriasis,Psoriasis,Psoriasis,False,0.45,0.16,0.26,0.13,0.5955676660695721,0.1694282918851598,0.16283115112206717,0.07217289092320095,1.0044030237052284
PSD_00000851,Psoriasis,Psoriasis,Psoriasis,False,0.6366666666666667,0.15666666666666668,0.16,0.04666666666666667,0.6782835729201205,0.1542761895847777,0.11576941252394007,0.051670824971161586,1.0957037317081908
PSD_00000855,Psoriasis,Psoriasis,Psoriasis,False,0.45666666666666667,0.27,0.14666666666666667,0.12666666666666668,0.5983764307395076,0.20908512865053575,0.12140947062807435,0.07112896998188223,1.0092018600316945
PSD_00000863,Psoriasis,Psoriasis,Psoriasis,False,0.58,0.29,0.09666666666666666,0.03333333333333333,0.6484773996065634,0.20220742198535632,0.09912246573045749,0.05019271267762292,1.0838329178900998
PSD_00000865,Psoriasis,Psoriasis,Psoriasis,False,0.51,0.24,0.19666666666666666,0.05333333333333334,0.6205798417385291,0.19068583934719524,0.13344897507227835,0.055285343841997195,1.0446741454526989
PSD_00000892,Psoriasis,Psoriasis,Psoriasis,False,0.56,0.27666666666666667,0.07666666666666666,0.08666666666666667,0.6445063078387491,0.2002625819889676,0.09546104255967995,0.05977006761260356,1.0671031812114524
PSD_00000904,Psoriasis,Pityriasis_Rosea,Psoriasis,True,0.31666666666666665,0.3,0.36,0.023333333333333334,0.49810822705793883,0.23136189183405392,0.21583545975389967,0.054694421354107604,0.9652327619844291
PSD_00000905,Psoriasis,Psoriasis,Psoriasis,False,0.42,0.3233333333333333,0.22,0.03666666666666667,0.5675050735350424,0.23129978009049196,0.1467055793746385,0.05448956699982703,1.0083872157215439
PSD_00000910,Psoriasis,Psoriasis,Psoriasis,False,0.4033333333333333,0.18,0.30666666666666664,0.11,0.565294348199734,0.1795195170607878,0.18591067882806925,0.0692754559114089,0.9865282793486894
PSD_00000914,Psoriasis,Psoriasis,Psoriasis,False,0.6133333333333333,0.17,0.13333333333333333,0.08333333333333333,0.6718516185697607,0.16043590327122093,0.10935202452524123,0.05836045363377729,1.0821168710152775
PSD_00000915,Psoriasis,Psoriasis,Psoriasis,False,0.5183333333333333,0.19666666666666666,0.12,0.165,0.6343259170845381,0.1772527201157693,0.11064839493243771,0.07777296786725478,1.032654842285256
PSD_00000917,Psoriasis,Psoriasis,Psoriasis,False,0.5561111111111111,0.3233333333333333,0.08666666666666667,0.033888888888888885,0.6357439994223478,0.21654000168143178,0.09712634469406371,0.05058965420215681,1.077120806462323
PSD_00000932,Psoriasis,Psoriasis,Psoriasis,False,0.5754761904761905,0.18333333333333332,0.21,0.031190476190476192,0.650045692030317,0.16568086919867073,0.13404025878031212,0.050233179990700136,1.0760253534219617
PSD_00000938,Psoriasis,Psoriasis,Psoriasis,False,0.5666666666666667,0.32,0.08666666666666667,0.02666666666666667,0.6399838182436112,0.21412273894213424,0.0966370664389138,0.049256376375340784,1.082574322470124
PSD_00000942,Psoriasis,Psoriasis,Psoriasis,False,0.5533333333333333,0.26,0.12666666666666668,0.06,0.6410615882042968,0.19441081923368894,0.1091996535612868,0.05532793900072751,1.0648492775395233
PSD_00000954,Psoriasis,Psoriasis,Psoriasis,False,0.6266666666666667,0.33666666666666667,0.016666666666666666,0.02,0.6607920660128141,0.2145186163156201,0.0777850508068851,0.04690426686468065,1.1143335730454669
PSD_00000958,Psoriasis,Psoriasis,Psoriasis,False,0.47833333333333333,0.43333333333333335,0.05333333333333334,0.035,0.5888639368417972,0.26881768184948923,0.09057332616664147,0.0517450551420719,1.0565822380049226
PSD_00000963,Psoriasis,Psoriasis,Psoriasis,False,0.4533333333333333,0.3,0.10333333333333333,0.14333333333333334,0.5956267774491152,0.22130689068791512,0.10836119267888025,0.07470513918408965,1.0090877748033957
PSD_00000970,Psoriasis,Pityriasis_Rosea,Psoriasis,True,0.2866666666666667,0.1,0.5166666666666667,0.09666666666666666,0.4702282446684631,0.15600274836994077,0.3057509065425237,0.06801810041907244,0.9659178455431568
PSD_00000975,Psoriasis,Psoriasis,Psoriasis,False,0.5766666666666667,0.23666666666666666,0.11666666666666667,0.07,0.6531700553077769,0.18458906077795134,0.10563227985762405,0.056608604056647624,1.0722415247431654
PSD_00000978,Psoriasis,Psoriasis,Psoriasis,False,0.7166666666666667,0.25666666666666665,0.02,0.006666666666666667,0.6980239729803892,0.18089820209647473,0.07691947381996736,0.044158351103168805,1.1371057450169133
PSD_00000982,Psoriasis,Lichen_Planus,Psoriasis,True,0.44,0.49,0.03666666666666667,0.03333333333333333,0.5625178849738025,0.29828492258478784,0.08729559716461024,0.051901595276799495,1.0481472476535802
PSD_00000989,Psoriasis,Psoriasis,Psoriasis,False,0.5966666666666667,0.3,0.07,0.03333333333333333,0.6543170383847374,0.20434025092353203,0.09156521468386208,0.04977749600786857,1.0928736598082012
PSD_00001004,Psoriasis,Psoriasis,Psoriasis,False,0.5566666666666666,0.11666666666666667,0.30666666666666664,0.02,0.6363412707914655,0.14479044122727908,0.17032822701125774,0.04854006096999749,1.076780668213495
PSD_00001009,Psoriasis,Psoriasis,Psoriasis,False,0.44,0.17666666666666667,0.3566666666666667,0.02666666666666667,0.574907063750987,0.17154673836538115,0.20155148404972134,0.0519947138339104,1.0255597992558012
PSD_00001015,Psoriasis,Pityriasis_Rosea,Psoriasis,True,0.39,0.12333333333333334,0.44333333333333336,0.043333333333333335,0.5393976671943134,0.15614425294408243,0.24907524010334317,0.05538283975826102,1.0121229133415546
PSD_00001019,Psoriasis,Psoriasis,Psoriasis,False,0.44,0.14333333333333334,0.3933333333333333,0.023333333333333334,0.5712661866408789,0.1594501909659639,0.21813252308077646,0.05115109931238078,1.0320960467801181
PSD_00001032,Psoriasis,Psoriasis,Psoriasis,False,0.43,0.15333333333333332,0.39,0.02666666666666667,0.5664532035204577,0.16372135980089403,0.21783310090928787,0.05199233576936049,1.025606707081086
PSD_00001050,Psoriasis,Seborrheic_Dermatitis,Psoriasis,True,0.27416666666666667,0.14,0.23666666666666666,0.3491666666666667,0.49446559656705513,0.18237639961509525,0.17213586545939497,0.15102213835845463,0.8963034775413875
PSD_00001064,Psoriasis,Psoriasis,Psoriasis,False,0.55,0.25,0.17666666666666667,0.023333333333333334,0.636538265950119,0.19008757588933914,0.12395965770332597,0.04941450045721584,1.0683675216847457
PSD_00001078,Psoriasis,Psoriasis,Psoriasis,False,0.5366666666666666,0.16666666666666666,0.16333333333333333,0.13333333333333333,0.6418765420032645,0.1653090505654073,0.12264509399085305,0.07016931344047518,1.0432518825914037
PSD_00001089,Psoriasis,Psoriasis,Psoriasis,False,0.45666666666666667,0.17333333333333334,0.3433333333333333,0.02666666666666667,0.5850112463736511,0.1693063763168137,0.19402505685270152,0.051657320456833605,1.0322581157965178
PSD_00001094,Psoriasis,Pityriasis_Rosea,Psoriasis,True,0.42333333333333334,0.10333333333333333,0.4633333333333333,0.01,0.5524799890195833,0.14573389920545912,0.2530677564902354,0.04871835528472219,1.0410655457735616
PSD_00001102,Psoriasis,Psoriasis,Psoriasis,False,0.5133333333333333,0.2966666666666667,0.12,0.07,0.6212531974099604,0.21178309878392873,0.10903962701288414,0.05792407679322673,1.0478906059039619
PSD_00001108,Psoriasis,Psoriasis,Psoriasis,False,0.6466666666666666,0.20666666666666667,0.08333333333333333,0.06333333333333334,0.6818764784892585,0.16973676041580546,0.0942824997459195,0.054104261349016684,1.099810920016648
PSD_00001111,Psoriasis,Psoriasis,Psoriasis,False,0.7266666666666667,0.22666666666666666,0.03333333333333333,0.013333333333333334,0.7040763446601619,0.17095153364081095,0.07985632971718866,0.045115791981838446,1.135525161872842
PSD_00001113,Psoriasis,Psoriasis,Psoriasis,False,0.6166666666666667,0.26,0.08333333333333333,0.04,0.6657397493076604,0.1889575922886135,0.09464657259973626,0.0506560858039898,1.0955803251909626
PSD_00001119,Psoriasis,Psoriasis,Psoriasis,False,0.6266666666666667,0.3333333333333333,0.03,0.01,0.6606861742882626,0.21317368462631894,0.08063233744739717,0.045507803638021475,1.1145121732771164
PSD_00001123,Psoriasis,Psoriasis,Psoriasis,False,0.5566666666666666,0.27666666666666667,0.08666666666666667,0.08,0.642747636419661,0.20046076033956894,0.09813515372972682,0.058656449511043145,1.0660482278728753
PSD_00001135,Psoriasis,Psoriasis,Psoriasis,False,0.6,0.29333333333333333,0.08333333333333333,0.023333333333333334,0.6555349281535804,0.20149341408871782,0.09473800110993162,0.048233656647770205,1.0945230168695075
PSD_00001151,Psoriasis,Psoriasis,Psoriasis,False,0.6633333333333333,0.2,0.06333333333333334,0.07333333333333333,0.6887527301139116,0.1667773129755292,0.08897931500406346,0.0554906419064958,1.1047498966170108
PSD_00001171,Psoriasis,Psoriasis,Psoriasis,False,0.5433333333333333,0.25666666666666665,0.12,0.08,0.6382576987841267,0.19454110374648836,0.1080628893978332,0.059138308071551654,1.0573620736478684
PSD_00001180,Psoriasis,Psoriasis,Psoriasis,False,0.44166666666666665,0.3566666666666667,0.15333333333333332,0.04833333333333333,0.579138382313844,0.24294643798766363,0.12216191122637479,0.055753268472117576,1.0205452453748747
PSD_00001188,Psoriasis,Psoriasis,Psoriasis,False,0.41833333333333333,0.26,0.13333333333333333,0.18833333333333332,0.5812098282074972,0.21078942999285274,0.12048729503490771,0.08751344676474215,0.98210911436062
PSD_00001200,Psoriasis,Psoriasis,Psoriasis,False,0.3811111111111111,0.33666666666666667,0.16666666666666666,0.11555555555555555,0.5515056300061741,0.24501001259860278,0.13227891502406103,0.0712054423711622,0.9756552137131629
PSD_00001208,Psoriasis,Psoriasis,Psoriasis,False,0.56,0.19333333333333333,0.21666666666666667,0.03,0.6426729963204612,0.1699211768558742,0.13707671182911502,0.05032911499454957,1.0701472371536147
PSD_00001216,Psoriasis,Psoriasis,Psoriasis,False,0.6266666666666667,0.2866666666666667,0.06666666666666667,0.02,0.6660263904848791,0.19698796559531404,0.08970983483402244,0.04727580908578429,1.105575986897583
PSD_00001232,Psoriasis,Psoriasis,Psoriasis,False,0.6066666666666667,0.2833333333333333,0.07,0.04,0.6600613825647368,0.19777345710939528,0.09144840121495681,0.050716759110911086,1.0942696641295595
PSD_00001242,Psoriasis,Psoriasis,Psoriasis,False,0.6933333333333334,0.24333333333333335,0.04666666666666667,0.016666666666666666,0.6925156901262621,0.1780520334744037,0.08347766751064453,0.04595460888868968,1.126026399852365
PSD_00001253,Psoriasis,Psoriasis,Psoriasis,False,0.64,0.25333333333333335,0.07,0.03666666666666667,0.6747061750081524,0.18499043221242048,0.09057173782243827,0.04973165495698882,1.1048613363128472
PSD_00001261,Psoriasis,Psoriasis,Psoriasis,False,0.7266666666666667,0.21666666666666667,0.03666666666666667,0.02,0.7052513468404491,0.16793018343138705,0.08071273191571406,0.046105737812449685,1.1336332909151343
PSD_00001265,Psoriasis,Psoriasis,Psoriasis,False,0.5733333333333334,0.3433333333333333,0.05333333333333334,0.03,0.6405892593853356,0.22212647422931783,0.08784469149319805,0.049439574892148536,1.0894018299570205
PSD_00001281,Psoriasis,Psoriasis,Psoriasis,False,0.6066666666666667,0.3333333333333333,0.056666666666666664,0.0033333333333333335,0.6529783368468941,0.21478724984742453,0.08729323148599127,0.044941181819690014,1.106139525074878
PSD_00001289,Psoriasis,Psoriasis,Psoriasis,False,0.6933333333333334,0.18666666666666668,0.09,0.03,0.697077715079696,0.16042328910689052,0.09435237216868972,0.04814662364472391,1.118657120325527
PSD_00001306,Psoriasis,Psoriasis,Psoriasis,False,0.62,0.33666666666666667,0.03,0.013333333333333334,0.6581000796929399,0.21499795794485602,0.0808254625785586,0.04607649978364545,1.1118491472605816
PSD_00001311,Psoriasis,Psoriasis,Psoriasis,False,0.6955555555555555,0.24,0.03333333333333333,0.031111111111111107,0.6943097884899775,0.1770597775034419,0.08059845792282203,0.04803197608375865,1.125069561696978
PSD_00001314,Psoriasis,Psoriasis,Psoriasis,False,0.62,0.24666666666666667,0.10666666666666667,0.02666666666666667,0.6669292180837957,0.18392008464572265,0.10054780495881543,0.048602892311666326,1.097129939097647
PSD_00001318,Psoriasis,Psoriasis,Psoriasis,False,0.6033333333333334,0.3433333333333333,0.04,0.013333333333333334,0.6512331202318841,0.21890416451607403,0.08351898924665231,0.046343726005389614,1.1054380260068144
PSD_00001321,Psoriasis,Psoriasis,Psoriasis,False,0.5633333333333334,0.26666666666666666,0.12333333333333334,0.04666666666666667,0.6440224342324042,0.19561670444117876,0.10754032088730944,0.05282054043910744,1.071854155044295
PSD_00001338,Psoriasis,Lichen_Planus,Psoriasis,True,0.48333333333333334,0.49,0.013333333333333334,0.013333333333333334,0.5820460165783292,0.29052751720026854,0.07982075909177717,0.047605707129625204,1.0761339360783884
PSD_00001356,Psoriasis,Psoriasis,Psoriasis,False,0.37333333333333335,0.37333333333333335,0.07666666666666666,0.17666666666666667,0.5466826774592858,0.26296886895994787,0.10483813584520296,0.08551031773556322,0.9716577023804207
PSD_00001361,Psoriasis,Psoriasis,Psoriasis,False,0.48,0.4633333333333333,0.03666666666666667,0.02,0.5847908897130399,0.28038567664475444,0.08580743545356577,0.04901599818863972,1.0663253063876488
PSD_00001363,Psoriasis,Psoriasis,Psoriasis,False,0.5533333333333333,0.29333333333333333,0.08333333333333333,0.07,0.6394313241354819,0.206581661538851,0.09713038894433534,0.056856625381331787,1.0675641672397163
PSD_00001374,Psoriasis,Psoriasis,Psoriasis,False,0.56,0.22333333333333333,0.17333333333333334,0.043333333333333335,0.6439807846393529,0.18058873355131352,0.12294395931252079,0.052486522496812696,1.0679739952035034
PSD_00001377,Psoriasis,Psoriasis,Psoriasis,False,0.5266666666666666,0.25333333333333335,0.16,0.06,0.6290848531778516,0.1943103419744442,0.12059403959338072,0.05601076525432356,1.051867718735153
PSD_00001382,Psoriasis,Psoriasis,Psoriasis,False,0.4086111111111111,0.2733333333333333,0.19,0.12805555555555556,0.5715745925620909,0.21585064090995687,0.13930982278554802,0.07326494374240435,0.9837907059338263
PSD_00001389,Psoriasis,Psoriasis,Psoriasis,False,0.49,0.39,0.09666666666666666,0.023333333333333334,0.5987472831541233,0.2494335710737272,0.10179597173530931,0.05002317403684016,1.0553678051273896
PSD_00001396,Psoriasis,Psoriasis,Psoriasis,False,0.49333333333333335,0.23333333333333334,0.08333333333333333,0.19,0.6213815527241552,0.1925368523077017,0.10152419918762347,0.08455739578051961,1.0213616420199256
PSD_00001398,Psoriasis,Psoriasis,Psoriasis,False,0.5583333333333333,0.37666666666666665,0.04666666666666667,0.018333333333333333,0.6300674512906653,0.23592641867476236,0.08627377735496768,0.04773235267960465,1.0895321880753532
PSD_00001403,Psoriasis,Psoriasis,Psoriasis,False,0.48,0.18333333333333332,0.32,0.016666666666666666,0.5978616635585318,0.17092487086409025,0.18160131663920331,0.0496121489381747,1.0430127279517625
PSD_00001406,Psoriasis,Psoriasis,Psoriasis,False,0.5666666666666667,0.22,0.16666666666666666,0.04666666666666667,0.647432627297593,0.17905909558910815,0.12060209736762788,0.05290617974567092,1.07011914323629
PSD_00001418,Psoriasis,Psoriasis,Psoriasis,False,0.5166666666666667,0.19666666666666666,0.10333333333333333,0.18333333333333332,0.6341681418342734,0.17757252120919115,0.10607923708118472,0.08218009987535073,1.030795071722551
PSD_00001419,Psoriasis,Psoriasis,Psoriasis,False,0.4266666666666667,0.2,0.21,0.16333333333333333,0.5859960339255094,0.18677485090742685,0.14620937422374702,0.08101974094331688,0.9864669594039676
PSD_00001421,Psoriasis,Psoriasis,Psoriasis,False,0.42,0.19,0.22,0.17,0.5825536094101753,0.18389445057446105,0.15059577221564588,0.08295616779971768,0.9823385380604868
PSD_00001423,Psoriasis,Lichen_Planus,Psoriasis,True,0.3883333333333333,0.5,0.03666666666666667,0.075,0.5361920876956444,0.31302770517442724,0.0901083408841306,0.060671866245797755,1.015429193375329
PSD_00001429,Psoriasis,Seborrheic_Dermatitis,Psoriasis,True,0.3433333333333333,0.11333333333333333,0.16666666666666666,0.37666666666666665,0.5399858963126991,0.16573668114745688,0.13813066770871638,0.15614675483112758,0.9343226616387497
PSD_00001430,Psoriasis,Psoriasis,Psoriasis,False,0.4033333333333333,0.2,0.07333333333333333,0.3233333333333333,0.5755487275651597,0.19015110682595315,0.10419967884099615,0.13010048676789093,0.968951600352354
PSD_00001440,Psoriasis,Psoriasis,Psoriasis,False,0.5352777777777777,0.11,0.08,0.2747222222222222,0.6458348388015476,0.14857706979162924,0.09928517020843043,0.10630292119839276,1.0351622608433513
PSD_00001444,Psoriasis,Psoriasis,Psoriasis,False,0.41903174603174603,0.13333333333333333,0.10333333333333333,0.34430158730158733,0.5857063668079517,0.16530779494883496,0.1120796400859141,0.13690619815729918,0.9756094390698853
PSD_00001445,Psoriasis,Psoriasis,Psoriasis,False,0.478888888888889,0.16666666666666666,0.08,0.2744444444444445,0.6178057969211743,0.17111776837219903,0.1019769724430118,0.109099462263615,1.0078379343788684
PSD_00001462,Psoriasis,Seborrheic_Dermatitis,Psoriasis,True,0.29333333333333333,0.17,0.16,0.37666666666666665,0.5075804050306121,0.19152907669719488,0.13994131593200645,0.1609492023401866,0.9064440796153329
PSD_00001468,Psoriasis,Pityriasis_Rosea,Psoriasis,True,0.19777777777777777,0.14333333333333334,0.35,0.3088888888888889,0.43557669880817274,0.18989438078824072,0.23478876662152,0.13974015378206642,0.8666286546826413
PSD_00001476,Psoriasis,Psoriasis,Psoriasis,False,0.4705555555555556,0.12,0.06333333333333334,0.34611111111111115,0.6124950447291083,0.1561648349006526,0.09779602709693644,0.13354409327330272,1.0051521720238765
PSD_00001477,Psoriasis,Psoriasis,Psoriasis,False,0.5788888888888889,0.10333333333333333,0.08,0.2377777777777778,0.6650414493033839,0.14372804951419862,0.09736339039046282,0.09386711079195473,1.0555945191411822
PSD_00001481,Psoriasis,Psoriasis,Psoriasis,False,0.5633333333333334,0.21333333333333335,0.16666666666666666,0.056666666666666664,0.6470592444478136,0.17728712920162554,0.12097464271810666,0.054678983632454166,1.0668236764978596
PSD_00001489,Psoriasis,Psoriasis,Psoriasis,False,0.4166666666666667,0.22,0.14666666666666667,0.21666666666666667,0.5828984507366656,0.19617193054948864,0.12544084014930304,0.09548877856454285,0.9767685184305327
PSD_00001492,Psoriasis,Psoriasis,Psoriasis,False,0.49,0.17666666666666667,0.06,0.2733333333333333,0.622642311263011,0.17335432691405134,0.09599859105654941,0.10800477076638847,1.0148661512684027
PSD_00001500,Psoriasis,Seborrheic_Dermatitis,Psoriasis,True,0.29,0.13666666666666666,0.20666666666666667,0.36666666666666664,0.5054061959051316,0.17950808785564934,0.15811050309642452,0.15697521314279458,0.9045121692871723
PSD_00001521,Psoriasis,Psoriasis,Psoriasis,False,0.59,0.13333333333333333,0.23666666666666666,0.04,0.6568342844046033,0.1491521474908623,0.1426877314294907,0.05132583667504363,1.081284096923867
PSD_00001523,Psoriasis,Psoriasis,Psoriasis,False,0.57,0.27666666666666667,0.13333333333333333,0.02,0.6440517416727722,0.19793530716219523,0.1096018890483626,0.0484110621166698,1.0796499188643114
PSD_00001527,Psoriasis,Psoriasis,Psoriasis,False,0.62,0.25333333333333335,0.08666666666666667,0.04,0.667488048612228,0.18645014545145808,0.09543488247790052,0.05062692345841331,1.0962114062416661
PSD_00001528,Psoriasis,Lichen_Planus,Psoriasis,True,0.36666666666666664,0.57,0.06,0.0033333333333333335,0.5109769978020641,0.34589041642586293,0.0947742660033686,0.04835831976870436,1.0279765250757706
PSD_00001537,Psoriasis,Psoriasis,Psoriasis,False,0.49333333333333335,0.25,0.23666666666666666,0.02,0.6077375830120232,0.19446999548273727,0.14774222785224778,0.050050193652991626,1.0442916494744383
PSD_00001545,Psoriasis,Psoriasis,Psoriasis,False,0.42333333333333334,0.3466666666666667,0.11333333333333333,0.11666666666666667,0.5748203795757363,0.24331693613210562,0.11220481684344222,0.06965786744871588,1.0006045396688334
PSD_00001552,Psoriasis,Psoriasis,Psoriasis,False,0.48333333333333334,0.24333333333333335,0.20666666666666667,0.06666666666666667,0.6081383457584086,0.19465889360576946,0.13885255473571628,0.05835020590010561,1.0299621380034047
PSD_00001557,Psoriasis,Pityriasis_Rosea,Psoriasis,True,0.31,0.11666666666666667,0.57,0.0033333333333333335,0.47025030066681733,0.1543917834556257,0.3261300008374848,0.04922791504007207,1.009817650694127
PSD_00001567,Psoriasis,Lichen_Planus,Psoriasis,True,0.35,0.42,0.19333333333333333,0.03666666666666667,0.520258113205919,0.2828583896054075,0.1408816539739229,0.05600184321475051,0.9811566833992267
PSD_00001569,Psoriasis,Psoriasis,Psoriasis,False,0.5866666666666667,0.20333333333333334,0.16333333333333333,0.04666666666666667,0.6566848444530717,0.17207234062317822,0.11871370532476763,0.05252910959898226,1.0778007884306389
PSD_00001580,Psoriasis,Psoriasis,Psoriasis,False,0.7066666666666667,0.25,0.02666666666666667,0.016666666666666666,0.6961374722605498,0.17944597460179648,0.07869331727032469,0.04572323586732908,1.131724424616439
PSD_00001582,Psoriasis,Psoriasis,Psoriasis,False,0.49666666666666665,0.37,0.056666666666666664,0.07666666666666666,0.607129379606945,0.24192475990089557,0.09197239964614497,0.05897346084601452,1.0498638068558108
PSD_00001603,Psoriasis,Psoriasis,Psoriasis,False,0.5166666666666667,0.33,0.10333333333333333,0.05,0.6188227599970628,0.22353269013361238,0.10351236831148837,0.05413218155783646,1.0563564198080229
PSD_00001605,Psoriasis,Psoriasis,Psoriasis,False,0.7366666666666667,0.23666666666666666,0.016666666666666666,0.01,0.705978358174526,0.17354672186417727,0.07600272915347972,0.044472190807817065,1.1404655406534299
PSD_00001615,Psoriasis,Psoriasis,Psoriasis,False,0.6333333333333333,0.22666666666666666,0.07,0.07,0.6761426418592225,0.17714681543972133,0.09131961310874465,0.0553909295923116,1.0958129133060628
PSD_00001632,Psoriasis,Lichen_Planus,Psoriasis,True,0.37333333333333335,0.44,0.10666666666666667,0.08,0.5358259856381155,0.28982037981644704,0.11127710579246204,0.06307652875297545,0.9913450421383981
PSD_00001646,Psoriasis,Psoriasis,Psoriasis,False,0.37333333333333335,0.24,0.2733333333333333,0.11333333333333333,0.5484935526644196,0.20569427570849644,0.17454569933882075,0.07126647228826329,0.9684497324187492
PSD_00001647,Psoriasis,Psoriasis,Psoriasis,False,0.49333333333333335,0.21333333333333335,0.22333333333333333,0.07,0.613978937678135,0.18297233346196562,0.14432810767528298,0.0587206211846163,1.0336759847353887
PSD_00001649,Psoriasis,Psoriasis,Psoriasis,False,0.5566666666666666,0.37,0.06333333333333334,0.01,0.6296596421256108,0.2334005096976021,0.09033198318544289,0.04660786499134408,1.0882069183623624
PSD_00001658,Psoriasis,Seborrheic_Dermatitis,Psoriasis,True,0.3466666666666667,0.08333333333333333,0.09,0.48,0.5340618087651144,0.15323337833786538,0.11107477088134389,0.2016300420156763,0.950242364747805
PSD_00001661,Psoriasis,Seborrheic_Dermatitis,Psoriasis,True,0.30083333333333334,0.07333333333333333,0.2,0.42583333333333334,0.509329984284568,0.15564826994746359,0.15343475315214777,0.18158699261582062,0.916369282143434
PSD_00001666,Psoriasis,Psoriasis,Psoriasis,False,0.47333333333333333,0.23333333333333334,0.10666666666666667,0.18666666666666668,0.611575642485852,0.19460906998732513,0.10916925000172316,0.08464603752509979,1.0104860767031563
PSD_00001672,Psoriasis,Psoriasis,Psoriasis,False,0.6266666666666667,0.21666666666666667,0.10666666666666667,0.05,0.6729441041107199,0.17398039433054732,0.10081603611336813,0.0522594654453648,1.0942109150851618
PSD_00003291,Psoriasis,Lichen_Planus,Psoriasis,True,0.29,0.44,0.17333333333333334,0.09666666666666666,0.4855719721546414,0.30517741850822655,0.13946540996651519,0.06978519937061688,0.9414588996988887
PSD_00003292,Psoriasis,Psoriasis,Psoriasis,False,0.42333333333333334,0.39666666666666667,0.11,0.07,0.5674881752496859,0.2628205684094029,0.10980360819687564,0.05988764814403546,1.0135328036475455
PSD_00003293,Psoriasis,Psoriasis,Psoriasis,False,0.4246666666666667,0.37,0.11,0.09533333333333334,0.5722951377935283,0.252210917721993,0.1105108757700582,0.06498306871442064,1.0070462123380326
PSD_00003299,Psoriasis,Psoriasis,Psoriasis,False,0.5066666666666667,0.2966666666666667,0.12666666666666668,0.07,0.6180892116442958,0.2124711278770528,0.11132740318256613,0.05811225729608524,1.0444973014560723
PSD_00003301,Psoriasis,Psoriasis,Psoriasis,False,0.51,0.26666666666666666,0.14333333333333334,0.08,0.6221886124419077,0.20122650363009714,0.11657315050664621,0.06001173342134914,1.0419729691113555
PSD_00003305,Psoriasis,Psoriasis,Psoriasis,False,0.5833333333333334,0.30333333333333334,0.06666666666666667,0.04666666666666667,0.649563499114352,0.20695434872220314,0.09134138059753762,0.052140771565907254,1.085828115715138
PSD_00003318,Psoriasis,Psoriasis,Psoriasis,False,0.5011111111111111,0.34,0.08,0.0788888888888889,0.6124715441284252,0.22978878227482888,0.09819395610541273,0.05954571749133321,1.0466658574265395
PSD_00003321,Psoriasis,Psoriasis,Psoriasis,False,0.5566666666666666,0.30333333333333334,0.08333333333333333,0.056666666666666664,0.6392133193095969,0.20963515523964538,0.0967336535563564,0.05441787189440123,1.0719425864197125
PSD_00003323,Psoriasis,Psoriasis,Psoriasis,False,0.4766666666666667,0.38666666666666666,0.1,0.03666666666666667,0.5935970155979651,0.25022485143151035,0.1036381678853078,0.05253996508521682,1.045805467584683
PSD_00003331,Psoriasis,Psoriasis,Psoriasis,False,0.6133333333333333,0.28,0.06666666666666667,0.04,0.6628834419965101,0.19608361452217515,0.09043119909839657,0.0506017443829183,1.0967568734008095
PSD_00003346,Psoriasis,Psoriasis,Psoriasis,False,0.4166666666666667,0.28,0.21666666666666667,0.08666666666666667,0.5722835129522317,0.21616150150887928,0.1474463045719202,0.06410868096696881,0.9948860018426385
PSD_00003349,Psoriasis,Lichen_Planus,Psoriasis,True,0.37333333333333335,0.5066666666666667,0.08,0.04,0.5255027212643222,0.31791733406006795,0.10167616891762454,0.05490377575798531,1.0108195691798982
PSD_00003351,Psoriasis,Psoriasis,Psoriasis,False,0.6666666666666666,0.22666666666666666,0.06,0.04666666666666667,0.68668368420769,0.17469165092859068,0.0876750480566352,0.05094961680708405,1.111213769393269
PSD_00003354,Psoriasis,Psoriasis,Psoriasis,False,0.4875,0.38666666666666666,0.05333333333333334,0.0725,0.600771184776039,0.24961475868835134,0.09128355267855824,0.058330503857051574,1.0483615597399791
PSD_00003363,Psoriasis,Psoriasis,Psoriasis,False,0.43,0.2633333333333333,0.22,0.08666666666666667,0.5803677681957305,0.20813054283403468,0.14778568109801116,0.0637160078722237,1.0010173490237988
PSD_00003372,Psoriasis,Lichen_Planus,Psoriasis,True,0.34,0.4066666666666667,0.17,0.08333333333333333,0.5192048572956048,0.28066281096935874,0.13475695829842213,0.06537537343661431,0.9660033764617199
PSD_00003373,Psoriasis,Lichen_Planus,Psoriasis,True,0.37111111111111117,0.45666666666666667,0.12,0.052222222222222225,0.530989220324996,0.29661006426951736,0.1146441703396608,0.05775654506582591,0.9966629832074829
PSD_00003375,Psoriasis,Psoriasis,Psoriasis,False,0.5066666666666667,0.29333333333333333,0.13666666666666666,0.06333333333333334,0.617789063076345,0.21104131504048312,0.11422781688708901,0.05694180499608295,1.045004763287299
PSD_00003383,Psoriasis,Psoriasis,Psoriasis,False,0.455,0.3933333333333333,0.08,0.07166666666666667,0.5843211737752695,0.2568340748030287,0.09968154649156669,0.0591632049301352,1.0310460148195126
PSD_00003387,Psoriasis,Psoriasis,Psoriasis,False,0.46,0.22,0.2,0.12,0.6011136306827055,0.18984442568105905,0.1393040014520354,0.0697379421842001,1.0093241625245093
PSD_00003389,Psoriasis,Lichen_Planus,Psoriasis,True,0.33666666666666667,0.4666666666666667,0.13666666666666666,0.06,0.5100404955197592,0.30757911828106066,0.12211095298849543,0.06026943321068475,0.9775422255378154
PSD_00003390,Psoriasis,Lichen_Planus,Psoriasis,True,0.4,0.44333333333333336,0.13666666666666666,0.02,0.5463638382357278,0.2845948155812575,0.11756436063409273,0.05147698554892193,1.015346930847863
PSD_00003403,Psoriasis,Psoriasis,Psoriasis,False,0.33194444444444443,0.19333333333333333,0.26666666666666666,0.20805555555555555,0.5296087950855147,0.19479745297757453,0.1781229618335275,0.09747079010338323,0.9334859114771813
PSD_00003413,Psoriasis,Psoriasis,Psoriasis,False,0.4116666666666667,0.27,0.23,0.08833333333333333,0.5696503984682721,0.21275117338111926,0.15297224270419066,0.06462618544641799,0.9918116896168102
PSD_00003414,Psoriasis,Psoriasis,Psoriasis,False,0.4266666666666667,0.19,0.22,0.16333333333333333,0.5859338448355763,0.18310540744562603,0.1499496050315511,0.08101114268724657,0.9865716597604924
PSD_00000488,Lichen_Planus,Psoriasis,Psoriasis,False,0.64,0.20333333333333334,0.06,0.09666666666666666,0.6813785083722687,0.16951788820110178,0.08905116328308156,0.060052440143548096,1.094042088176282
PSD_00000493,Lichen_Planus,Pityriasis_Rosea,Psoriasis,True,0.2,0.21666666666666667,0.4666666666666667,0.11666666666666667,0.41925711226696855,0.2104010332914792,0.2933084381833667,0.07703341625818558,0.9048018610420727
PSD_00000498,Lichen_Planus,Psoriasis,Psoriasis,False,0.39666666666666667,0.28,0.27666666666666667,0.04666666666666667,0.5551899556727328,0.21637134798458757,0.17147651419031276,0.056962182152366786,0.9939211175214804
PSD_00000500,Lichen_Planus,Lichen_Planus,Psoriasis,True,0.35,0.5533333333333333,0.09333333333333334,0.0033333333333333335,0.5038765838818299,0.34193868883618367,0.10511412955488855,0.049070597727097744,1.0130550638653448
PSD_00000501,Lichen_Planus,Psoriasis,Psoriasis,False,0.29333333333333333,0.29333333333333333,0.18666666666666668,0.22666666666666666,0.5042100610346485,0.24168594605175486,0.14891440444106213,0.10518958847253462,0.9125031184911923
PSD_00000511,Lichen_Planus,Lichen_Planus,Psoriasis,True,0.4,0.49,0.09,0.02,0.5411073571195075,0.3049584214949468,0.10295248787111344,0.05098173351443222,1.0252103191352178
PSD_00000516,Lichen_Planus,Lichen_Planus,Psoriasis,True,0.16666666666666666,0.42,0.3233333333333333,0.09,0.397673885565815,0.3136962524696568,0.21582062143520572,0.07280924052932243,0.8847042233752302
PSD_00000539,Lichen_Planus,Lichen_Planus,Psoriasis,True,0.3705555555555556,0.5033333333333333,0.07,0.05611111111111112,0.5252396738160944,0.31749828672263153,0.09940967859781448,0.05785236086345967,1.0066344916728864
PSD_00000542,Lichen_Planus,Pityriasis_Rosea,Psoriasis,True,0.21666666666666667,0.2733333333333333,0.47333333333333333,0.03666666666666667,0.42303676624427605,0.22834072271604405,0.2895387679182424,0.05908374312143747,0.9299780252563539
PSD_00000554,Lichen_Planus,Lichen_Planus,Psoriasis,True,0.24333333333333335,0.51,0.20666666666666667,0.04,0.44384655292519853,0.34450259734879435,0.15247943111328546,0.059171418612721675,0.9379158428036165
PSD_00000558,Lichen_Planus,Psoriasis,Psoriasis,False,0.43666666666666665,0.38333333333333336,0.15,0.03,0.5727981944068404,0.2539595746885708,0.1206612235601996,0.052581007344389204,1.0243159285070451
PSD_00000569,Lichen_Planus,Psoriasis,Psoriasis,False,0.36333333333333334,0.33666666666666667,0.19333333333333333,0.10666666666666667,0.5399928868522456,0.24713747702545522,0.14290624721830492,0.06996338890399437,0.9672563590148362
PSD_00000578,Lichen_Planus,Psoriasis,Psoriasis,False,0.5133333333333333,0.43,0.03,0.02666666666666667,0.6046924190626773,0.2623047639476784,0.08347261250460097,0.049530204485043326,1.0765893021493615
PSD_00000579,Lichen_Planus,Psoriasis,Psoriasis,False,0.4066666666666667,0.2,0.3,0.09333333333333334,0.5660587213841839,0.18603967203016059,0.18221440768039768,0.0656871989052579,0.9903652122000556
PSD_00000588,Lichen_Planus,Psoriasis,Psoriasis,False,0.4666666666666667,0.31333333333333335,0.11333333333333333,0.10666666666666667,0.5996182102415565,0.22418333055494874,0.1099349678159542,0.0662634913875406,1.021264219535841
PSD_00000589,Lichen_Planus,Psoriasis,Psoriasis,False,0.4,0.38,0.17,0.05,0.5543627126362028,0.25840914429984546,0.13008506777201181,0.057143075291939856,1.0006965361015452
PSD_00000598,Lichen_Planus,Lichen_Planus,Psoriasis,True,0.33,0.5933333333333334,0.03,0.04666666666666667,0.48888257027933707,0.36575644400955826,0.08917820767867782,0.05618277803242679,1.0077094391570622
PSD_00000607,Lichen_Planus,Lichen_Planus,Psoriasis,True,0.31,0.4533333333333333,0.08333333333333333,0.15333333333333332,0.4997912682629608,0.30937582862784824,0.10913542425953696,0.08169747884965405,0.9501307525999538
PSD_00000609,Lichen_Planus,Lichen_Planus,Psoriasis,True,0.3433333333333333,0.39666666666666667,0.15666666666666668,0.10333333333333333,0.5235447819481012,0.2764214213158647,0.13049816441288037,0.06953563232315381,0.9636636201643588
PSD_00000610,Lichen_Planus,Lichen_Planus,Psoriasis,True,0.32,0.5766666666666667,0.02666666666666667,0.07666666666666666,0.48667874076853584,0.3614352893123295,0.089597562083635,0.06228840783549967,0.9939907642329006
PSD_00000611,Lichen_Planus,Lichen_Planus,Psoriasis,True,0.314,0.6066666666666667,0.02666666666666667,0.05266666666666667,0.47783838005761897,0.37564062644772334,0.08895082189579978,0.05757017159885789,1.0012178337513757
PSD_00000621,Lichen_Planus,Lichen_Planus,Psoriasis,True,0.2733333333333333,0.5066666666666667,0.05,0.17,0.47062508900697286,0.3418139955150303,0.10088232202703565,0.08667859345096125,0.9401518570508296
PSD_00000634,Lichen_Planus,Lichen_Planus,Psoriasis,True,0.4066666666666667,0.49333333333333335,0.05,0.05,0.5458607416402229,0.3061100624135932,0.0923502501617249,0.05567894578445911,1.027010779410171
PSD_00000639,Lichen_Planus,Psoriasis,Psoriasis,False,0.5433333333333333,0.4,0.03666666666666667,0.02,0.6210906020356955,0.24660012998929817,0.08420731222290927,0.048101955752097,1.0865878209976756
PSD_00000654,Lichen_Planus,Lichen_Planus,Psoriasis,True,0.4066666666666667,0.47333333333333333,0.043333333333333335,0.07666666666666666,0.5497508833652981,0.29817920777928314,0.09135453799890925,0.060715370856509535,1.019743455962451
PSD_00000659,Lichen_Planus,Psoriasis,Psoriasis,False,0.38333333333333336,0.38333333333333336,0.14666666666666667,0.08666666666666667,0.5474426932831474,0.26369793687155707,0.12420492657934992,0.06465444326594558,0.9864879514665489
PSD_00000662,Lichen_Planus,Psoriasis,Psoriasis,False,0.46,0.38,0.08333333333333333,0.07666666666666666,0.5885244706821443,0.25083466413868977,0.10058341933319351,0.06005744584597226,1.0309146723629967
PSD_00000675,Lichen_Planus,Pityriasis_Rosea,Psoriasis,True,0.21666666666666667,0.3233333333333333,0.42333333333333334,0.03666666666666667,0.4263918559567375,0.2527904434742653,0.26126536635917674,0.059552334209820514,0.9226604377795673
PSD_00000677,Lichen_Planus,Pityriasis_Rosea,Psoriasis,True,0.2733333333333333,0.22,0.4533333333333333,0.05333333333333334,0.46595956623248685,0.20179187148580585,0.2714258181990321,0.0608227440826752,0.9495653345677982
PSD_00000678,Lichen_Planus,Lichen_Planus,Psoriasis,True,0.3605555555555556,0.47333333333333333,0.09666666666666666,0.06944444444444445,0.5240673732033208,0.30653720866270007,0.10830521001693166,0.0610902081170475,0.9919392727672842
PSD_00000697,Lichen_Planus,Psoriasis,Psoriasis,False,0.5066666666666667,0.27,0.19333333333333333,0.03,0.6156191534218982,0.20121243852814544,0.1318094190597729,0.05135898899018346,1.0486881540853203
PSD_00000711,Lichen_Planus,Lichen_Planus,Psoriasis,True,0.39,0.5,0.08666666666666667,0.023333333333333334,0.5346011294468198,0.31125760662840074,0.10244458579867433,0.05169667812610532,1.0212038626541184
PSD_00000713,Lichen_Planus,Psoriasis,Psoriasis,False,0.5233333333333333,0.39666666666666667,0.04666666666666667,0.03333333333333333,0.6137407890464259,0.24806332350101784,0.0875355120913372,0.050660375361219104,1.0738276976891776
PSD_00003022,Lichen_Planus,Psoriasis,Psoriasis,False,0.4708333333333333,0.3,0.15,0.07916666666666666,0.6007612014484189,0.21783431752350407,0.12056023042569936,0.060844250602377734,1.0251739965115039
PSD_00003038,Lichen_Planus,Lichen_Planus,Psoriasis,True,0.31666666666666665,0.57,0.07333333333333333,0.04,0.4842674858731958,0.35813871277270193,0.10169462675548797,0.05589917459861441,0.9928198646319921
PSD_00003041,Lichen_Planus,Lichen_Planus,Psoriasis,True,0.42333333333333334,0.5033333333333333,0.05333333333333334,0.02,0.5515939819646127,0.30650536905186254,0.09177587115921104,0.05012477782431377,1.0427377747107898
PSD_00003046,Lichen_Planus,Lichen_Planus,Lichen_Planus,False,0.18666666666666668,0.6966666666666667,0.10333333333333333,0.013333333333333334,0.3847428240987679,0.4474809248174294,0.11424899215931836,0.05352725892448433,0.9570846335597616
PSD_00003059,Lichen_Planus,Lichen_Planus,Psoriasis,True,0.41,0.49,0.07,0.03,0.5470591128677892,0.3035102669319973,0.09714495772247764,0.05228566247773595,1.0301019592653726
PSD_00003062,Lichen_Planus,Lichen_Planus,Psoriasis,True,0.3572777777777778,0.49333333333333335,0.10333333333333333,0.04605555555555556,0.5183981719709805,0.3152719009891709,0.10965675216481212,0.05667317487503649,0.9971657251988304
PSD_00003066,Lichen_Planus,Lichen_Planus,Psoriasis,True,0.26666666666666666,0.37333333333333335,0.20333333333333334,0.15666666666666668,0.478575547871215,0.28007452956745776,0.15543301385908928,0.08591690870223798,0.9123133310473286
PSD_00003071,Lichen_Planus,Lichen_Planus,Psoriasis,True,0.32416666666666666,0.38666666666666666,0.17666666666666667,0.1125,0.51288419016043,0.2753348794959716,0.13934164351325132,0.07243928683034719,0.9504299572639769
PSD_00003072,Lichen_Planus,Seborrheic_Dermatitis,Psoriasis,True,0.25333333333333335,0.31,0.08666666666666667,0.35,0.4760009505504103,0.2548562444094,0.11717967832032565,0.15196312671986398,0.8927896733051617
PSD_00003081,Lichen_Planus,Lichen_Planus,Psoriasis,True,0.3379761904761905,0.35,0.16,0.15202380952380953,0.5266774066351699,0.25814648633892795,0.1336833054249546,0.08149280160094752,0.9488767271045294
PSD_00003085,Lichen_Planus,Psoriasis,Psoriasis,False,0.35333333333333333,0.2833333333333333,0.2866666666666667,0.07666666666666666,0.5312562300327515,0.22393560321003678,0.1807432359825507,0.06406493077466097,0.966427362967623
PSD_00003089,Lichen_Planus,Pityriasis_Rosea,Pityriasis_Rosea,False,0.14333333333333334,0.22333333333333333,0.5833333333333334,0.05,0.36157157316717453,0.20933868168835326,0.36702225836867763,0.0620674867757945,0.9213016424105409
PSD_00003099,Lichen_Planus,Lichen_Planus,Psoriasis,True,0.37,0.37333333333333335,0.19,0.06666666666666667,0.5385185314191743,0.26049181715819103,0.13972074875405616,0.061268902668578686,0.9808973264447373
PSD_00003102,Lichen_Planus,Lichen_Planus,Psoriasis,True,0.2966666666666667,0.5366666666666666,0.13333333333333333,0.03333333333333333,0.4758306223161108,0.3466670300994,0.12159951167062014,0.05590283591386902,0.9731261992150767
PSD_00003108,Lichen_Planus,Lichen_Planus,Psoriasis,True,0.29,0.3566666666666667,0.22333333333333333,0.13,0.4932717720215422,0.2675309839967537,0.1609780384978382,0.07821920548386577,0.9267630554974542
PSD_00003119,Lichen_Planus,Psoriasis,Psoriasis,False,0.44,0.43,0.08333333333333333,0.04666666666666667,0.5711506017141416,0.2735572589915322,0.10044796005698241,0.0548441792373436,1.0323049141884602
PSD_00003127,Lichen_Planus,Lichen_Planus,Psoriasis,True,0.37,0.44666666666666666,0.1,0.08333333333333333,0.5333579468339095,0.29343905701976003,0.10943725765158097,0.06376573849474952,0.9903881452328082
PSD_00003136,Lichen_Planus,Lichen_Planus,Psoriasis,True,0.21666666666666667,0.32,0.2733333333333333,0.19,0.4467470744054302,0.2632276028340274,0.19195399402444463,0.09807132873609777,0.8806210919372585
PSD_00003140,Lichen_Planus,Lichen_Planus,Psoriasis,True,0.38,0.44333333333333336,0.12333333333333334,0.05333333333333334,0.5375898346427826,0.2892282913289033,0.11537357527117771,0.057808298757136375,0.9990809377877987
PSD_00003147,Lichen_Planus,Lichen_Planus,Psoriasis,True,0.33,0.4,0.23666666666666666,0.03333333333333333,0.5082598505433212,0.27644202012410285,0.1591740888974447,0.056124040435131195,0.9692907676717285
PSD_00003149,Lichen_Planus,Lichen_Planus,Psoriasis,True,0.34,0.52,0.07,0.07,0.5062427413746201,0.3314869150627923,0.10100477252921979,0.06126557103336781,0.9907374550418087
PSD_00003153,Lichen_Planus,Lichen_Planus,Psoriasis,True,0.29,0.30666666666666664,0.23666666666666666,0.16666666666666666,0.4978407744437643,0.24625099064424946,0.16802036988573502,0.0878878650262512,0.9182575596386129
PSD_00000716,Pityriasis_Rosea,Psoriasis,Psoriasis,False,0.42333333333333334,0.22,0.3466666666666667,0.01,0.564235233850581,0.18797240414393201,0.19803741497895017,0.049754947026536656,1.0193760452931193
PSD_00000727,Pityriasis_Rosea,Pityriasis_Rosea,Psoriasis,True,0.22666666666666666,0.09333333333333334,0.65,0.03,0.4067383993372007,0.1504105835010203,0.3883490723879846,0.05450194477379439,0.9882136056491789
PSD_00000735,Pityriasis_Rosea,Lichen_Planus,Psoriasis,True,0.33,0.3466666666666667,0.24,0.08333333333333333,0.5159461197627305,0.254975984953212,0.16293894510399337,0.06613895018006408,0.9548508300370798
PSD_00000739,Pityriasis_Rosea,Psoriasis,Psoriasis,False,0.5833333333333334,0.15666666666666668,0.22333333333333333,0.03666666666666667,0.6539829355926493,0.1567385286359703,0.13833085618271665,0.05094767958866387,1.0784903885015011
PSD_00000748,Pityriasis_Rosea,Psoriasis,Psoriasis,False,0.5033333333333333,0.14666666666666667,0.33,0.02,0.609454619140924,0.15706508176129153,0.18393020530556856,0.049550093792215866,1.054831490442277
PSD_00000758,Pityriasis_Rosea,Pityriasis_Rosea,Pityriasis_Rosea,False,0.12,0.12666666666666668,0.72,0.03333333333333333,0.3272204848605631,0.16532521526616237,0.45092906401083943,0.05652523586243508,0.9624110967108824
PSD_00000767,Pityriasis_Rosea,Psoriasis,Psoriasis,False,0.3933333333333333,0.18666666666666668,0.25666666666666665,0.16333333333333333,0.5655863637872848,0.18492168507954923,0.16713565083843257,0.08235630029473347,0.9704575996496273
PSD_00000768,Pityriasis_Rosea,Psoriasis,Psoriasis,False,0.3404761904761905,0.23666666666666666,0.2966666666666667,0.12619047619047621,0.5280730053544347,0.20821318851104315,0.18830436386997768,0.0754094422645446,0.9505836656882181
PSD_00000777,Pityriasis_Rosea,Psoriasis,Psoriasis,False,0.36333333333333334,0.23333333333333334,0.33666666666666667,0.06666666666666667,0.5350507536097903,0.20144605113852548,0.20193888750831882,0.06156430774336549,0.97619066996312
PSD_00000789,Pityriasis_Rosea,Pityriasis_Rosea,Psoriasis,True,0.28,0.13666666666666666,0.5833333333333334,0.0,0.4492022581513596,0.16268559666846966,0.33880118296752443,0.04931096221264619,0.9980431782279243
PSD_00000800,Pityriasis_Rosea,Pityriasis_Rosea,Psoriasis,True,0.22,0.3566666666666667,0.38333333333333336,0.04,0.4308572199824535,0.26959116483851175,0.23920697405963517,0.06034464111939957,0.919680851995241
PSD_00000804,Pityriasis_Rosea,Pityriasis_Rosea,Psoriasis,True,0.22,0.3,0.4,0.08,0.4351027756140789,0.2452139739300548,0.25102164429073043,0.06866160616513586,0.9107069809024267
PSD_00000808,Pityriasis_Rosea,Pityriasis_Rosea,Psoriasis,True,0.3333333333333333,0.25333333333333335,0.4,0.013333333333333334,0.5058134921907561,0.20859301986514128,0.23330957581591258,0.05228391212819002,0.9798447535370391
PSD_00000824,Pityriasis_Rosea,Psoriasis,Psoriasis,False,0.41,0.16,0.3933333333333333,0.03666666666666667,0.5558661337497272,0.1678609548582545,0.22207326749083195,0.0541996439011864,1.0137812501684231
PSD_00000825,Pityriasis_Rosea,Pityriasis_Rosea,Psoriasis,True,0.29,0.18333333333333332,0.38333333333333336,0.14333333333333334,0.49113189725251327,0.19153054020789118,0.23634920548822444,0.080988357051371,0.9308009868361055
PSD_00000826,Pityriasis_Rosea,Pityriasis_Rosea,Psoriasis,True,0.25333333333333335,0.25333333333333335,0.2966666666666667,0.19666666666666666,0.47408263808553336,0.2280101161147053,0.19968608604459218,0.09822115975516915,0.8964022282085237
PSD_00000830,Pityriasis_Rosea,Psoriasis,Psoriasis,False,0.4266666666666667,0.21,0.27,0.09333333333333334,0.5788323068031989,0.18815232216846522,0.16787478491211666,0.06514058611621924,0.9986756423494204
PSD_00000833,Pityriasis_Rosea,Pityriasis_Rosea,Psoriasis,True,0.25,0.25666666666666665,0.42,0.07333333333333333,0.4546574553761426,0.22158189781935464,0.25772432249118266,0.06603632431332014,0.9283266678888632
PSD_00000837,Pityriasis_Rosea,Pityriasis_Rosea,Psoriasis,True,0.36666666666666664,0.14,0.47,0.023333333333333334,0.5206641190995512,0.16203051844134475,0.26497566924244054,0.05232969321666356,1.0088506953439271
PSD_00000838,Pityriasis_Rosea,Pityriasis_Rosea,Psoriasis,True,0.15666666666666668,0.20666666666666667,0.5633333333333334,0.07333333333333333,0.3749822139284884,0.20364150938518474,0.35450246326726004,0.06687381341906681,0.9167008396134658
PSD_00003168,Pityriasis_Rosea,Pityriasis_Rosea,Psoriasis,True,0.16666666666666666,0.19333333333333333,0.5666666666666667,0.07333333333333333,0.38153948711207103,0.19719929603256092,0.3547801413536647,0.06648107550170329,0.9221162631137364
PSD_00003188,Pityriasis_Rosea,Pityriasis_Rosea,Pityriasis_Rosea,False,0.15666666666666668,0.14666666666666667,0.5966666666666667,0.1,0.3724903435030414,0.17953100076396916,0.37607896824526155,0.07189968748772786,0.9228333468074317
PSD_00003192,Pityriasis_Rosea,Pityriasis_Rosea,Psoriasis,True,0.23333333333333334,0.2833333333333333,0.36,0.12333333333333334,0.45120766068966095,0.2395334545754486,0.2305837321485531,0.07867515258633717,0.903495901515804
PSD_00003198,Pityriasis_Rosea,Pityriasis_Rosea,Psoriasis,True,0.2,0.21666666666666667,0.38,0.20333333333333334,0.4321672275749328,0.21687987770754763,0.24869728020939197,0.1022556145081276,0.8777727491344872
PSD_00003209,Pityriasis_Rosea,Pityriasis_Rosea,Pityriasis_Rosea,False,0.12333333333333334,0.13333333333333333,0.6333333333333333,0.11,0.3453807558351589,0.17544511959505227,0.40482756139247494,0.07434656317731404,0.9192381382631554
PSD_00003211,Pityriasis_Rosea,Pityriasis_Rosea,Pityriasis_Rosea,False,0.10333333333333333,0.09666666666666666,0.75,0.05,0.31319398070027005,0.15507332519396505,0.4724810393402945,0.05925165476547039,0.9650849032516474
PSD_00003228,Pityriasis_Rosea,Pityriasis_Rosea,Psoriasis,True,0.19333333333333333,0.16666666666666666,0.37,0.27,0.43056905005933194,0.19866555466382468,0.24568175463446412,0.12508364064237934,0.8680869640617274
PSD_00003229,Pityriasis_Rosea,Psoriasis,Psoriasis,False,0.32666666666666666,0.23,0.29333333333333333,0.15,0.5212268297957056,0.20796668770684582,0.18898489494403395,0.08182158755341452,0.9394853726016572
PSD_00003246,Pityriasis_Rosea,Pityriasis_Rosea,Psoriasis,True,0.19,0.15333333333333332,0.59,0.06666666666666667,0.39400982407677826,0.17832927680583846,0.3638345349282434,0.06382636418913983,0.9415937063831302
PSD_00003248,Pityriasis_Rosea,Pityriasis_Rosea,Psoriasis,True,0.24,0.21333333333333335,0.52,0.02666666666666667,0.4336784717364851,0.19840724299322443,0.31197616735124967,0.055938117919040804,0.9532621093731346
PSD_00003260,Pityriasis_Rosea,Pityriasis_Rosea,Psoriasis,True,0.22,0.16333333333333333,0.59,0.02666666666666667,0.41127384006224227,0.17780846760135013,0.3555723920964148,0.05534530023999292,0.9634727438579489
PSD_00003263,Pityriasis_Rosea,Pityriasis_Rosea,Psoriasis,True,0.33666666666666667,0.17666666666666667,0.44333333333333336,0.043333333333333335,0.5073807761336916,0.1790347265294791,0.2565415048349554,0.05704299250187404,0.9826665584456857
PSD_00003264,Pityriasis_Rosea,Pityriasis_Rosea,Psoriasis,True,0.23,0.25333333333333335,0.3933333333333333,0.12333333333333334,0.4470933346976365,0.22574260851470995,0.24865490655266664,0.07850915023498685,0.9054062832182945
PSD_00003267,Pityriasis_Rosea,Psoriasis,Psoriasis,False,0.3411111111111111,0.18333333333333332,0.25,0.22555555555555554,0.5368902241817493,0.19046154574398044,0.17042805742553735,0.102220172648733,0.9360252492878445
PSD_00003273,Pityriasis_Rosea,Pityriasis_Rosea,Psoriasis,True,0.3333333333333333,0.26666666666666666,0.37666666666666665,0.023333333333333334,0.5084839171763132,0.21511523725833248,0.22223760672115064,0.05416323884420361,0.9746988643094254
PSD_00001673,Seborrheic_Dermatitis,Seborrheic_Dermatitis,Psoriasis,True,0.19,0.15,0.05333333333333334,0.6066666666666667,0.41452644131417393,0.18636229833056667,0.10692647822022731,0.29218478213503213,0.8949903640106667
PSD_00001693,Seborrheic_Dermatitis,Pityriasis_Rosea,Psoriasis,True,0.2633333333333333,0.16666666666666666,0.31333333333333335,0.25666666666666665,0.48343760318130297,0.19223992067642734,0.20776956122132517,0.11655291492094455,0.8971028369390386
PSD_00001698,Seborrheic_Dermatitis,Seborrheic_Dermatitis,Psoriasis,True,0.25666666666666665,0.24333333333333335,0.12666666666666668,0.37333333333333335,0.4811744345506435,0.22546762794946912,0.13076697765927045,0.1625909598406169,0.8892242849359682
PSD_00001700,Seborrheic_Dermatitis,Seborrheic_Dermatitis,Psoriasis,True,0.17333333333333334,0.14,0.06666666666666667,0.62,0.40157049693132063,0.1837407349234223,0.11148344593389097,0.30320532221136615,0.889648129820613
PSD_00001702,Seborrheic_Dermatitis,Psoriasis,Psoriasis,False,0.43555555555555553,0.12666666666666668,0.11,0.32777777777777783,0.5954193771361896,0.16173279837536292,0.11312349209678339,0.12972433239166395,0.9837882194370522
PSD_00001727,Seborrheic_Dermatitis,Seborrheic_Dermatitis,Seborrheic_Dermatitis,False,0.14666666666666667,0.07666666666666666,0.043333333333333335,0.7333333333333333,0.36553845252267586,0.1563562136195191,0.10142077625775299,0.37668455760005204,0.9185316434584023
PSD_00001731,Seborrheic_Dermatitis,Seborrheic_Dermatitis,Psoriasis,True,0.21333333333333335,0.10333333333333333,0.09333333333333334,0.59,0.4338779221414723,0.16853485503837062,0.11828923504875608,0.279297987771401,0.9002205584091107
PSD_00001738,Seborrheic_Dermatitis,Seborrheic_Dermatitis,Psoriasis,True,0.10733333333333334,0.09333333333333334,0.20666666666666667,0.5926666666666667,0.35916553688286557,0.17487910631704903,0.16826114311128382,0.29769421368880156,0.8499459322479932
PSD_00001745,Seborrheic_Dermatitis,Seborrheic_Dermatitis,Psoriasis,True,0.24333333333333335,0.26,0.13333333333333333,0.36333333333333334,0.4718007621229221,0.23462294721532898,0.13411053990729727,0.15946575075445166,0.8823443012028411
PSD_00001751,Seborrheic_Dermatitis,Seborrheic_Dermatitis,Psoriasis,True,0.18333333333333332,0.10333333333333333,0.11666666666666667,0.5966666666666667,0.4125532903346703,0.1712623120823627,0.12785344061529696,0.28833095696767,0.885883995546415
PSD_00001760,Seborrheic_Dermatitis,Seborrheic_Dermatitis,Psoriasis,True,0.15666666666666668,0.17333333333333334,0.09333333333333334,0.5766666666666667,0.3957659210276365,0.20121563219225425,0.12260106616574415,0.280417380614365,0.8685601566092336
PSD_00001767,Seborrheic_Dermatitis,Seborrheic_Dermatitis,Psoriasis,True,0.16666666666666666,0.20666666666666667,0.09333333333333334,0.5333333333333333,0.4071372491984113,0.21602777933466802,0.12322811774732537,0.25360685371959535,0.8641404508646648
PSD_00001769,Seborrheic_Dermatitis,Seborrheic_Dermatitis,Psoriasis,True,0.12666666666666668,0.09333333333333334,0.09666666666666666,0.6833333333333333,0.36076031229353756,0.16753671831634817,0.12109193338318912,0.3506110360069252,0.8871952760151215
PSD_00001795,Seborrheic_Dermatitis,Seborrheic_Dermatitis,Psoriasis,True,0.17,0.13666666666666666,0.08333333333333333,0.61,0.40099298002368694,0.1836435089757279,0.11728062279996151,0.2980828882006236,0.8841436915277289
PSD_00001799,Seborrheic_Dermatitis,Seborrheic_Dermatitis,Seborrheic_Dermatitis,False,0.03333333333333333,0.01,0.06333333333333334,0.8933333333333333,0.26757435903643395,0.1324461438179628,0.1042085029049319,0.4957709942406714,0.9433000792792243
PSD_00001800,Seborrheic_Dermatitis,Seborrheic_Dermatitis,Psoriasis,True,0.14,0.12333333333333334,0.10666666666666667,0.63,0.37775254840970224,0.18064053076953832,0.12609172904552837,0.31551519177523113,0.8748710796965582
PSD_00001801,Seborrheic_Dermatitis,Seborrheic_Dermatitis,Psoriasis,True,0.28927777777777774,0.16666666666666666,0.09666666666666666,0.4473888888888889,0.5002857443998386,0.18899732405431133,0.11773464551499392,0.19298228603085618,0.9124942856979283
PSD_00001822,Seborrheic_Dermatitis,Seborrheic_Dermatitis,Psoriasis,True,0.14,0.14333333333333334,0.2,0.5166666666666667,0.3906893764031009,0.19454733994576284,0.16621660226393511,0.248546681387201,0.8459016288795599
PSD_00001825,Seborrheic_Dermatitis,Seborrheic_Dermatitis,Psoriasis,True,0.2086111111111111,0.09333333333333334,0.15333333333333332,0.5447222222222222,0.4366814068295386,0.1678968935331811,0.14082557013903135,0.25459612949824884,0.8852920499089829
