rank,cause_id,cause_name,affected_stage,confidence,evidence_for,evidence_against,verification_method
1,CALIB_ARGMAX_FLIP,Platt Calibration Argmax Inversion,"Inference (modules/inference.py L445)",HIGH,"Direct mathematical and empirical proof: On calibration set, Platt scaling flips 97/246 (39.4%) samples from non-Psoriasis to Psoriasis, causing 238/246 (96.8%) of calibration samples to be predicted as Psoriasis. Platt intercepts (-1.20 Pso vs -2.96 SD) inject heavy prior, mapping uniform [0.25,0.25,0.25,0.25] to 47.6% Psoriasis. Even when raw RF predicts LP at 35% and Pso at 20%, Platt flips calibrated argmax to Psoriasis (43.5%).",Platt reduces ECE from 0.2488 to 0.1479 on within-distribution confidence calibration.,Evaluate inference pipeline using raw RF argmax vs calibrated argmax on external images.
2,BDA_FEATURE_DAMAGE,BDA Pruning Discards Minority Discriminators,"Phase 6 Feature Selection (modules/feature_selection.py)",HIGH,"Empirical 5-fold evaluation: BDA drops Macro-F1 by 0.0527 (0.7264 -> 0.6737) and Balanced Acc by 0.0611. Psoriasis false positives surge from 127 to 160 (+26.0%). BDA selected 190 deep features and ZERO LAB color features. BDA proxy classifier was unweighted LogisticRegression without sample weights. Jaccard stability between folds is only 0.0761.",BDA reduced feature dimensionality from 1316 to 194.,Compare full A7 1316-D vs BDA 194-D across development folds.
3,CLASS_IMBALANCE_PRIOR,Severe Training Class Imbalance,"Data & Phase 2/3 (fold_plan.csv)",HIGH,"Psoriasis accounts for 638/1146 (55.67%) of development set, outnumbering Seborrheic Dermatitis (88, 7.68%) by 7.25:1 and Pityriasis Rosea (162, 14.14%) by 3.94:1. In DermNet source dataset alone, Psoriasis accounts for 779 images vs 83 for SD.",Phase 2 stratified folds maintained exact class proportions across splits.,Examine class distribution in fold_plan.csv and metadata.
4,P3_BACKBONE_BIAS,EfficientNet Backbone Representation Skew,"Phase 3 Backbone Training (modules/efficientnet_model.py)",HIGH,"In Phase 10 XAI, pre-softmax Psoriasis logit was +20.25 for true Lichen Planus (PSD_00000639) and +11.45 for true Pityriasis Rosea (PSD_00000735). TreeSHAP shows 95.7%-98.7% attribution concentrated in deep EfficientNet branch.",Phase 3 standalone classifier had only 74 Psoriasis FPs (46.3% Psoriasis predictions) due to inverse-frequency sample weights.,Evaluate feature embeddings with t-SNE/UMAP and check class separation in 1280-D space.
5,RF_MAJORITY_BIAS,Random Forest Gini Impurity Majority Preference,"Phase 7 Base Classifier (modules/fusion.py)",MEDIUM,"Moving from Phase 3 Dense head to Random Forest on full A7 increased Psoriasis false positives from 74 to 127 (+71.6%). Gini impurity splitting naturally favors majority class variance across 300 unconstrained trees.",RF fit used sample_weight=sw_train computed from fold class weights.,Fit balanced Random Forest (class_weight='balanced_subsample') and measure minority recall.
6,DOMAIN_SHIFT_OOD,External Image Domain Shift,"Inference / Preprocessing",MEDIUM,"External dermatological images differ in camera sensor, lighting, skin tone, magnification, and background. When OOD features are fed to RF, tree traversal falls into majority leaves; Platt then maps diffuse probabilities into 41-56% Psoriasis.",Pretrained EfficientNet-B0 generalizes well on ImageNet domains; standard normalization matches training.,Test external images with known ground truth under controlled camera/lighting conditions.
7,FOCAL_LOSS_ABSENCE,Absence of Focal Loss / Advanced Imbalance Loss,"Phase 3 Loss Function",MEDIUM,"Focal loss was never implemented or compiled in Phase 3. Standard categorical cross-entropy was used with inverse-frequency sample weights. Sample weighting in standard cross-entropy scales gradient magnitude but does not dynamically down-weight easy majority examples.",Sample weighting was active and reduced Phase 3 standalone Psoriasis recall to 71.6%.,Run controlled Phase 3 V2 with Alpha-Balanced Focal Loss vs Standard Cross-Entropy.
8,PREPROCESSING_MISMATCH,Preprocessing Discrepancy,"Inference (modules/preprocessing.py)",LOW,"None: P3-BASE was trained with preprocessing_mode='standard' (no-op pass-through) and Keras preprocess_input. Inference applies identical ConditionalPreprocessor standard mode and preprocess_input.",None (perfect match).,Verified code path in modules/inference.py matches image_loader.py.
9,CONFORMAL_THRESHOLD_FAULT,Conformal Prediction Flaw,"Phase 9 Conformal (modules/inference.py)",LOW,"None: Conformal prediction is NOT responsible for Psoriasis argmax. At marginal threshold 0.2178, it correctly outputs multi-class sets {Psoriasis, Pityriasis_Rosea} and triggers SPECIALIST_REVIEW_REQUIRED.",None (working as designed).,Verified mathematical definition: conformal thresholding operates on calibrated probabilities.
10,DATA_LEAKAGE,Data Leakage Across Folds / Splits,"Data & Partitioning",LOW,"Zero test set leakage: holdout_test (243 images) is strictly locked and unaccessed. 264 unverified augmentations were quarantined. Patient-level metadata is absent in DermNet, but strict duplicate hash filtering removed 632 exact/near duplicates.",Source-level distribution differs by class (DermNet vs Atlas vs SkinDisNet).,Audit hash integrity and verify no PSD IDs overlap across train/val/test splits.
