Phase,Name,Implementation_Status,Scientific_Defensibility,Imbalance_Handled,Bias_Introduced,Data_Leakage,Retraining_Required
Phase 2,Dataset / Fold Construction,VERIFIED_CORRECT,DEFENSIBLE,YES (Stratified 5-fold split),NO (Preserved natural dataset distribution),"NONE (Folds disjoint, test & augmented strictly quarantined)",NO (Can be reused 100% unchanged in V2)
Phase 3,EfficientNet-B0 Training,PARTIALLY_MATCHED,PARTIALLY_DEFENSIBLE,YES (Fold-local inverse class sample_weight active),"NO in-distribution (Pso pred 46.3% vs true 55.7%), PLAUSIBLE on OOD",NONE (Fold-isolated datasets and checkpoints),"YES (To test Focal Loss, modern augmentations, and deeper heads)"
Phase 4,Handcrafted Features,VERIFIED_CORRECT,DEFENSIBLE,N/A (Unsupervised feature extraction),NO,NONE (PCA fitted strictly fold-local on train fold),NO (Extraction pipeline is deterministic and reusable)
Phase 5,Multimodal Fusion (A0-A7),VERIFIED_CORRECT,DEFENSIBLE,YES (Fold-local sample_weight applied in RF fit),SLIGHT (RF shifts Psoriasis predictions up to ~57-59%),NONE,"DEPENDS_ON_P3 (If P3 changes, fusion features re-evaluated)"
Phase 6,BDA Feature Selection,METHODOLOGY_DEFECT,INDEFENSIBLE,"NO (Proxy LogisticRegression had class_weight=None, unweighted)",YES (Proxy favored majority class; Jaccard stability 0.0761),NONE (Evaluated on nested train split),YES (Must be redesigned with balanced proxy or removed)
Phase 7,Final RF / Handoff,VERIFIED_CORRECT,PARTIALLY_DEFENSIBLE,YES (Sample weights applied during final RF fit),NO additional bias beyond upstream BDA representation,"NONE (Trained on 1146 dev, 246 val held out, 243 test locked)",YES (Trained on defective 194-D BDA mask)
Phase 8,Probability Calibration,METHODOLOGY_DEFECT,INDEFENSIBLE,NO (Independent 1D Platt sigmoids embed extreme prior log-odds),"CRITICAL (Causes 97/246 flips into Psoriasis, 96.75% Pso predictions)","NONE (Fitted on 123 val_calib, evaluated on 123 val_conf)",YES (Must replace with multiclass temperature scaling / isotonic)
Phase 9,Conformal Prediction,VERIFIED_CORRECT,DEFENSIBLE_ALGORITHMICALLY,"PARTIAL (Marginal valid, Mondrian flagged SebDerm n=9 warning)",NO (Propagated upstream Platt probability distortion),NONE,"NO (Pure calibration-time wrapper, re-fit on clean probabilities)"
Phase 10,Explainable AI (XAI),VERIFIED_CORRECT,DEFENSIBLE_AS_AUDIT_TOOL,N/A (Explanatory diagnostic only),NO (Revealed deep branch 97% dominance and 25% validation accuracy),NONE (Evaluated on 8 holdout validation samples only),NO (Post-hoc visualization tool)
Inference,Production Inference Engine,CRITICAL_BUG,INDEFENSIBLE,NO (Selected argmax of Platt calibrated probs instead of raw RF),CRITICAL (Direct cause of production Psoriasis collapse),NONE,"NO (Code fix in inference.py, but models upstream need cleanup)"
