Candidate_Cause,Phase,Status,Severity,Mechanism,Evidence,Affects,Explains_Pso_Bias,Requires_Retraining
Platt Calibration Argmax Inversion,Inference & Phase 8,CONFIRMED,Critical,"modules/inference.py uses argmax(calib_probs) where Platt scaling shifts logits by delta_b = +1.7566 for Psoriasis over SebDerm, collapsing all high-entropy predictions to Psoriasis.","Empirically verified: 97/246 validation flips to Pso, 0 reverse flips, 238/246 (96.75%) Pso predictions, Macro-F1 collapse 0.7299 -> 0.2892.","Inference, Validation, External Generalization",YES (Directly explains the 41-57% Psoriasis collapse on external images),"NO (Can be fixed in inference.py, but exposes upstream issues)"
BDA Proxy Logistic Regression Unweighted,Phase 6,CONFIRMED,Critical,"modules/feature_selection.py used LogisticRegression(max_iter=300) without class_weight='balanced' or sample_weight, causing the fitness function to select features optimizing majority-class accuracy.",Code inspection of feature_selection.py line 340; Jaccard stability = 0.0761 across folds; CV Macro-F1 dropped from 0.7270 (A7) to 0.6906 (Phase 7 CV).,"Training, Feature Selection",YES (Selects features favoring Psoriasis; eliminates handcrafted features),YES
Independent Sigmoid Calibration Asymmetry,Phase 8,CONFIRMED,High,Platt scaling fits 4 independent 1D binary sigmoids with class-prevalence-dependent intercepts (bPso=-1.2045 vs bSD=-2.9611). Post-hoc normalization creates an artificial prior bias under uncertainty.,"Reports/phase8/calibration_comparison.csv logged macro_f1_diagnostic=0.2701; uniform input [0.25, 0.25, 0.25, 0.25] outputs 47.57% Psoriasis.","Calibration, Inference",YES (Multiplies Psoriasis odds by ~5.79x over minority classes),YES (Redesign calibration with multiclass temperature scaling or isotonic)
Dataset Class Imbalance (55.7% Psoriasis),Phase 2,CONFIRMED,Medium,"Natural clinical dataset contains 638 Psoriasis vs 88 Seborrheic Dermatitis (7.25:1 ratio). Without careful compensation, unweighted algorithms naturally gravitate to the majority.","fold_plan.csv class counts: Pso 638, LP 258, PR 162, SD 88. Handled in P3 and RF via sample weights, but unhandled in BDA proxy.",Training,"PARTIAL (Background driver, magnified by unweighted proxy & Platt)","NO (Dataset distribution is standard clinical reality, handle algorithmically)"
Missing Focal Loss,Phase 3,CONFIRMED,Medium,"Documented in protocols as imbalance mitigation, but executable code in modules/efficientnet_model.py uses standard categorical_crossentropy. Mitigated partially by sample_weight.",Grep for 'focal' in run_aef_crc_phase3.py and modules/ yielded 0 matches.,Training,NO (Phase 3 P3-BASE had no Psoriasis bias; predicted 46.3% Pso vs 55.7% true),YES (Should be explored in V2)
External Domain Shift,External Testing,CONFIRMED,High,"External images (DermNet, Google) feature different camera optics, lighting, scales, and skin phenotypes, causing the deep backbone to output diffuse probabilities, triggering the Platt collapse.",Manual tests on LP/PR images repeatedly output Psoriasis at 41-56% confidence.,External Generalization,YES (Acts as trigger for Platt argmax collapse),NO (Direct trigger of calibration defect)
Conformal Prediction Induced Collapse,Phase 9,DISPROVEN,None,Hypothesis that conformal prediction thresholding caused the Psoriasis top-1 collapse.,Conformal prediction produces set-valued outputs from Platt probabilities and does not select the top-1 point prediction. Point prediction is chosen upstream by argmax.,None,NO,NO
Data Leakage between Splits,Phase 2 & All,DISPROVEN,None,Hypothesis that test or validation images leaked into training sets or feature extraction.,"Strict hash and ID verification: 243 test images, 246 holdout val images, and 264 augmented images strictly isolated. PCA and feature extraction strictly fold-local.",None,NO,NO
Preprocessing Mismatch,Phase 3 & App,DISPROVEN,None,Hypothesis that application preprocessing differed from training preprocessing.,"app_adapter.py and image_loader.py both use identical standard bilinear resize to 224x224 and [0, 1] normalization.",None,NO,NO
Phase 3 Training Imbalance Amplification,Phase 3,DISPROVEN,None,Hypothesis that EfficientNet-B0 learned to heavily favor Psoriasis during training.,"P3-BASE confusion matrix shows Pso predicted support is 531 / 1146 (46.3%), while ground truth is 638 / 1146 (55.7%). Minority recall: SD 82.95%, PR 82.69%, LP 68.23%.",None,NO,NO
