rank,selected_index,global_index,branch,feature_name,feature_value,shap_value,abs_shap_value
1,92,666,deep,deep_feat_0666,-1.391988,-0.019594,0.019594
2,82,607,deep,deep_feat_0607,-0.723035,-0.017733,0.017733
3,50,401,deep,deep_feat_0401,2.349559,-0.016559,0.016559
4,108,766,deep,deep_feat_0766,0.784545,0.015749,0.015749
5,193,1309,lbp,lbp_bin_17,1.487402,-0.009049,0.009049
6,169,1145,deep,deep_feat_1145,-0.201373,0.008535,0.008535
7,20,161,deep,deep_feat_0161,1.655676,0.007678,0.007678
8,139,981,deep,deep_feat_0981,-1.285339,-0.007133,0.007133
9,37,253,deep,deep_feat_0253,-0.320415,0.006672,0.006672
10,90,660,deep,deep_feat_0660,-0.211381,0.006135,0.006135
11,155,1063,deep,deep_feat_1063,-1.104169,-0.005895,0.005895
12,51,409,deep,deep_feat_0409,0.121163,0.005572,0.005572
13,176,1193,deep,deep_feat_1193,-0.547471,0.005086,0.005086
14,144,1013,deep,deep_feat_1013,0.305494,0.005065,0.005065
15,76,569,deep,deep_feat_0569,-0.873648,-0.004884,0.004884
16,140,983,deep,deep_feat_0983,0.481524,0.004775,0.004775
17,167,1142,deep,deep_feat_1142,1.522673,-0.004688,0.004688
18,55,455,deep,deep_feat_0455,3.405252,-0.004637,0.004637
19,75,568,deep,deep_feat_0568,3.266227,-0.004582,0.004582
20,151,1054,deep,deep_feat_1054,-0.011346,0.004092,0.004092
21,130,950,deep,deep_feat_0950,-0.835216,-0.003640,0.003640
22,62,512,deep,deep_feat_0512,0.854180,-0.003624,0.003624
23,0,13,deep,deep_feat_0013,-0.828384,0.003558,0.003558
24,23,191,deep,deep_feat_0191,1.625607,0.003403,0.003403
25,148,1044,deep,deep_feat_1044,-0.719293,-0.003359,0.003359
26,179,1202,deep,deep_feat_1202,-0.005652,0.003342,0.003342
27,57,460,deep,deep_feat_0460,-0.813655,-0.003329,0.003329
28,100,734,deep,deep_feat_0734,1.130397,-0.003315,0.003315
29,53,420,deep,deep_feat_0420,-1.617008,-0.003272,0.003272
30,138,979,deep,deep_feat_0979,1.689682,0.003245,0.003245
31,40,300,deep,deep_feat_0300,-0.396755,0.003241,0.003241
32,125,917,deep,deep_feat_0917,-0.731257,0.003083,0.003083
33,95,711,deep,deep_feat_0711,-0.942451,0.003066,0.003066
34,135,972,deep,deep_feat_0972,1.286898,0.003025,0.003025
35,185,1254,deep,deep_feat_1254,-0.980315,-0.002941,0.002941
36,178,1196,deep,deep_feat_1196,-0.547372,0.002897,0.002897
37,84,621,deep,deep_feat_0621,-0.572837,0.002605,0.002605
38,49,399,deep,deep_feat_0399,-0.244723,-0.002562,0.002562
39,71,554,deep,deep_feat_0554,0.422883,0.002561,0.002561
40,21,175,deep,deep_feat_0175,-1.034306,-0.002540,0.002540
41,39,292,deep,deep_feat_0292,-0.559463,-0.002519,0.002519
42,38,284,deep,deep_feat_0284,-0.426081,-0.002491,0.002491
43,69,543,deep,deep_feat_0543,0.093883,0.002482,0.002482
44,54,423,deep,deep_feat_0423,0.235783,0.002455,0.002455
45,73,565,deep,deep_feat_0565,-1.195808,-0.002428,0.002428
46,33,246,deep,deep_feat_0246,-0.043065,0.002427,0.002427
47,9,82,deep,deep_feat_0082,-0.776219,-0.002297,0.002297
48,109,767,deep,deep_feat_0767,2.176504,-0.002274,0.002274
49,166,1141,deep,deep_feat_1141,-0.560415,0.002251,0.002251
50,158,1080,deep,deep_feat_1080,1.154112,0.002245,0.002245
51,88,632,deep,deep_feat_0632,-1.218131,0.002242,0.002242
52,67,528,deep,deep_feat_0528,0.387386,0.002215,0.002215
53,15,98,deep,deep_feat_0098,1.149743,0.002193,0.002193
54,183,1220,deep,deep_feat_1220,1.732380,-0.002168,0.002168
55,96,712,deep,deep_feat_0712,-0.756784,0.002164,0.002164
56,43,325,deep,deep_feat_0325,0.351312,0.002145,0.002145
57,190,1283,glcm,glcm_d1_energy,2.510025,-0.002145,0.002145
58,48,366,deep,deep_feat_0366,0.788008,0.002106,0.002106
59,91,663,deep,deep_feat_0663,0.181636,0.002101,0.002101
60,134,969,deep,deep_feat_0969,-0.479424,-0.002031,0.002031
61,136,974,deep,deep_feat_0974,-0.187676,-0.002003,0.002003
62,153,1057,deep,deep_feat_1057,1.454123,-0.001926,0.001926
63,105,745,deep,deep_feat_0745,-0.536861,0.001921,0.001921
64,103,737,deep,deep_feat_0737,-0.591859,0.001903,0.001903
65,119,863,deep,deep_feat_0863,-0.807789,-0.001830,0.001830
66,128,938,deep,deep_feat_0938,0.351219,-0.001827,0.001827
67,36,251,deep,deep_feat_0251,0.146296,0.001758,0.001758
68,61,504,deep,deep_feat_0504,1.940333,-0.001723,0.001723
69,168,1143,deep,deep_feat_1143,1.081333,0.001548,0.001548
70,41,311,deep,deep_feat_0311,-0.757403,-0.001527,0.001527
71,172,1174,deep,deep_feat_1174,-1.485937,0.001502,0.001502
72,27,208,deep,deep_feat_0208,-0.428921,0.001499,0.001499
73,26,206,deep,deep_feat_0206,-0.540881,0.001475,0.001475
74,30,220,deep,deep_feat_0220,0.143465,-0.001462,0.001462
75,147,1030,deep,deep_feat_1030,-0.865043,0.001461,0.001461
76,77,589,deep,deep_feat_0589,-0.581220,0.001457,0.001457
77,110,773,deep,deep_feat_0773,-0.329689,0.001445,0.001445
78,111,784,deep,deep_feat_0784,-0.029075,0.001397,0.001397
79,115,823,deep,deep_feat_0823,-1.074738,-0.001363,0.001363
80,104,742,deep,deep_feat_0742,-0.041869,0.001352,0.001352
81,16,114,deep,deep_feat_0114,0.442019,-0.001324,0.001324
82,68,540,deep,deep_feat_0540,-0.875062,0.001313,0.001313
83,42,321,deep,deep_feat_0321,-0.086500,0.001312,0.001312
84,81,606,deep,deep_feat_0606,-0.357375,0.001301,0.001301
85,99,732,deep,deep_feat_0732,-0.484903,-0.001275,0.001275
86,6,68,deep,deep_feat_0068,-0.663582,-0.001267,0.001267
87,64,519,deep,deep_feat_0519,-0.522052,0.001249,0.001249
88,78,596,deep,deep_feat_0596,-0.638495,-0.001215,0.001215
89,1,16,deep,deep_feat_0016,0.291576,0.001206,0.001206
90,31,224,deep,deep_feat_0224,-0.056792,0.001202,0.001202
91,143,1011,deep,deep_feat_1011,0.299558,-0.001194,0.001194
92,56,457,deep,deep_feat_0457,-0.351484,0.001177,0.001177
93,186,1255,deep,deep_feat_1255,-0.555187,0.001176,0.001176
94,70,546,deep,deep_feat_0546,-0.158627,0.001167,0.001167
95,35,250,deep,deep_feat_0250,-0.144338,0.001147,0.001147
96,4,65,deep,deep_feat_0065,0.279690,-0.001143,0.001143
97,65,525,deep,deep_feat_0525,0.454917,-0.001078,0.001078
98,22,182,deep,deep_feat_0182,0.605350,0.001073,0.001073
99,161,1108,deep,deep_feat_1108,1.322453,0.001047,0.001047
100,7,76,deep,deep_feat_0076,-0.794006,-0.001040,0.001040
101,133,965,deep,deep_feat_0965,2.173076,0.001031,0.001031
102,10,84,deep,deep_feat_0084,-0.692177,-0.001031,0.001031
103,159,1102,deep,deep_feat_1102,-1.412600,-0.001021,0.001021
104,154,1059,deep,deep_feat_1059,-0.753101,0.001015,0.001015
105,192,1299,lbp,lbp_bin_07,0.092456,-0.001011,0.001011
106,131,955,deep,deep_feat_0955,-0.814883,0.001002,0.001002
107,191,1292,lbp,lbp_bin_00,2.055455,-0.000967,0.000967
108,59,484,deep,deep_feat_0484,0.592067,0.000922,0.000922
109,52,411,deep,deep_feat_0411,-0.506465,-0.000920,0.000920
110,142,998,deep,deep_feat_0998,-0.237549,-0.000916,0.000916
111,120,880,deep,deep_feat_0880,1.456416,0.000892,0.000892
112,124,914,deep,deep_feat_0914,-0.236345,0.000886,0.000886
113,163,1122,deep,deep_feat_1122,-1.062232,-0.000879,0.000879
114,117,848,deep,deep_feat_0848,-0.161904,-0.000852,0.000852
115,152,1055,deep,deep_feat_1055,-0.541993,-0.000842,0.000842
116,17,119,deep,deep_feat_0119,0.594570,-0.000813,0.000813
117,46,358,deep,deep_feat_0358,0.072181,0.000795,0.000795
118,83,614,deep,deep_feat_0614,-0.374232,0.000752,0.000752
119,175,1191,deep,deep_feat_1191,-1.408781,-0.000745,0.000745
120,184,1233,deep,deep_feat_1233,-0.866431,-0.000740,0.000740
121,29,218,deep,deep_feat_0218,0.055992,-0.000739,0.000739
122,5,66,deep,deep_feat_0066,-0.590730,0.000692,0.000692
123,47,365,deep,deep_feat_0365,0.996246,-0.000686,0.000686
124,182,1212,deep,deep_feat_1212,-0.670004,0.000685,0.000685
125,32,239,deep,deep_feat_0239,-0.711787,-0.000684,0.000684
126,24,193,deep,deep_feat_0193,-0.185709,0.000643,0.000643
127,149,1048,deep,deep_feat_1048,-0.405123,-0.000638,0.000638
128,188,1271,deep,deep_feat_1271,-0.319428,0.000636,0.000636
129,72,558,deep,deep_feat_0558,0.069203,0.000620,0.000620
130,19,156,deep,deep_feat_0156,-0.796296,-0.000619,0.000619
131,85,624,deep,deep_feat_0624,-0.017210,0.000603,0.000603
132,74,567,deep,deep_feat_0567,-0.125908,-0.000585,0.000585
133,114,814,deep,deep_feat_0814,0.415952,0.000583,0.000583
134,156,1064,deep,deep_feat_1064,0.725111,0.000582,0.000582
135,87,631,deep,deep_feat_0631,0.049603,0.000571,0.000571
136,157,1072,deep,deep_feat_1072,1.023576,-0.000566,0.000566
137,174,1186,deep,deep_feat_1186,3.222307,-0.000558,0.000558
138,93,686,deep,deep_feat_0686,-0.071092,-0.000541,0.000541
139,13,95,deep,deep_feat_0095,-0.791533,0.000519,0.000519
140,171,1165,deep,deep_feat_1165,0.347922,-0.000508,0.000508
141,181,1208,deep,deep_feat_1208,-0.221822,-0.000507,0.000507
142,8,80,deep,deep_feat_0080,-0.312812,0.000497,0.000497
143,173,1180,deep,deep_feat_1180,1.598555,0.000494,0.000494
144,162,1117,deep,deep_feat_1117,-0.847041,0.000476,0.000476
145,80,601,deep,deep_feat_0601,-0.604927,0.000474,0.000474
146,177,1194,deep,deep_feat_1194,-0.159222,0.000453,0.000453
147,116,830,deep,deep_feat_0830,-0.885470,0.000439,0.000439
148,121,882,deep,deep_feat_0882,-0.449489,-0.000414,0.000414
149,141,997,deep,deep_feat_0997,-0.995103,0.000404,0.000404
150,112,796,deep,deep_feat_0796,-0.635566,-0.000399,0.000399
151,145,1019,deep,deep_feat_1019,-0.648849,-0.000393,0.000393
152,28,212,deep,deep_feat_0212,-0.647061,-0.000390,0.000390
153,137,976,deep,deep_feat_0976,-0.066225,-0.000366,0.000366
154,14,96,deep,deep_feat_0096,2.202551,0.000361,0.000361
155,94,696,deep,deep_feat_0696,-0.395435,-0.000352,0.000352
156,79,598,deep,deep_feat_0598,0.473794,0.000345,0.000345
157,86,629,deep,deep_feat_0629,-0.406859,-0.000345,0.000345
158,126,922,deep,deep_feat_0922,-0.213373,-0.000341,0.000341
159,89,639,deep,deep_feat_0639,-0.115160,0.000334,0.000334
160,160,1104,deep,deep_feat_1104,-0.768243,-0.000332,0.000332
161,44,336,deep,deep_feat_0336,-0.470397,-0.000320,0.000320
162,132,958,deep,deep_feat_0958,-0.678430,-0.000313,0.000313
163,2,46,deep,deep_feat_0046,-0.466317,-0.000312,0.000312
164,25,200,deep,deep_feat_0200,0.455026,0.000308,0.000308
165,3,47,deep,deep_feat_0047,-0.470966,0.000292,0.000292
166,150,1049,deep,deep_feat_1049,0.103089,-0.000278,0.000278
167,180,1205,deep,deep_feat_1205,-0.073577,0.000269,0.000269
168,12,92,deep,deep_feat_0092,0.340488,-0.000262,0.000262
169,11,86,deep,deep_feat_0086,-0.531748,-0.000248,0.000248
170,60,491,deep,deep_feat_0491,-0.412352,0.000240,0.000240
171,123,898,deep,deep_feat_0898,-0.476786,0.000234,0.000234
172,63,515,deep,deep_feat_0515,-0.315464,-0.000232,0.000232
173,66,526,deep,deep_feat_0526,-0.760478,0.000228,0.000228
174,170,1164,deep,deep_feat_1164,-0.446382,-0.000227,0.000227
175,34,249,deep,deep_feat_0249,-0.893095,0.000213,0.000213
176,127,931,deep,deep_feat_0931,-0.115721,0.000212,0.000212
177,107,765,deep,deep_feat_0765,-0.385109,-0.000208,0.000208
178,146,1021,deep,deep_feat_1021,-0.278780,-0.000207,0.000207
179,106,750,deep,deep_feat_0750,-0.667322,-0.000179,0.000179
180,58,466,deep,deep_feat_0466,-0.587315,-0.000174,0.000174
181,118,852,deep,deep_feat_0852,-0.232282,0.000162,0.000162
182,189,1278,deep,deep_feat_1278,-0.723017,0.000160,0.000160
183,187,1268,deep,deep_feat_1268,-0.368713,0.000154,0.000154
184,101,735,deep,deep_feat_0735,0.035857,0.000152,0.000152
185,97,720,deep,deep_feat_0720,0.549756,-0.000145,0.000145
186,98,722,deep,deep_feat_0722,-0.692855,-0.000140,0.000140
187,45,340,deep,deep_feat_0340,-0.920492,0.000139,0.000139
188,18,130,deep,deep_feat_0130,-0.422175,0.000139,0.000139
189,122,893,deep,deep_feat_0893,-1.060878,0.000124,0.000124
190,113,804,deep,deep_feat_0804,-1.119522,0.000103,0.000103
191,102,736,deep,deep_feat_0736,-0.390078,0.000093,0.000093
192,165,1130,deep,deep_feat_1130,-0.009727,-0.000075,0.000075
193,129,946,deep,deep_feat_0946,1.866977,-0.000059,0.000059
194,164,1123,deep,deep_feat_1123,-0.247022,-0.000031,0.000031
