arm,class_name,precision_mean,precision_std,recall_mean,recall_std,f1_mean,f1_std,support_total
full_a7,Psoriasis,0.7976,0.0313,0.8464,0.0252,0.8207,0.0204,638
full_a7,Lichen_Planus,0.7516,0.0241,0.5853,0.0971,0.6521,0.0534,258
full_a7,Pityriasis_Rosea,0.662,0.0763,0.7038,0.063,0.6813,0.0665,162
full_a7,Seborrheic_Dermatitis,0.7313,0.0996,0.7614,0.0821,0.7415,0.075,88
bda_a7,Psoriasis,0.7946,0.0352,0.8542,0.0236,0.8228,0.023,638
bda_a7,Lichen_Planus,0.7205,0.0365,0.5623,0.0809,0.6263,0.0367,258
bda_a7,Pityriasis_Rosea,0.6958,0.0756,0.71,0.0657,0.7017,0.0653,162
bda_a7,Seborrheic_Dermatitis,0.7102,0.1014,0.7157,0.1193,0.7063,0.0882,88
ga_a7,Psoriasis,0.79,0.0176,0.8355,0.022,0.8118,0.0138,638
ga_a7,Lichen_Planus,0.7148,0.0563,0.5658,0.0631,0.6279,0.0391,258
ga_a7,Pityriasis_Rosea,0.6381,0.0548,0.6727,0.0507,0.6548,0.0522,162
ga_a7,Seborrheic_Dermatitis,0.7091,0.1163,0.7379,0.0954,0.7152,0.0788,88
