arm,family,total_available,fold_0,fold_1,fold_2,fold_3,fold_4,mean_retained,std_retained,retention_pct
full_a7,deep,1280,1280,1280,1280,1280,1280,1280.0,0.0,100.0
full_a7,glcm,12,12,12,12,12,12,12.0,0.0,100.0
full_a7,lbp,18,18,18,18,18,18,18.0,0.0,100.0
full_a7,color_lab,6,6,6,6,6,6,6.0,0.0,100.0
bda_a7,deep,1280,752,494,532,516,819,622.6,135.22,48.64
bda_a7,glcm,12,6,4,1,4,7,4.4,2.06,36.67
bda_a7,lbp,18,11,8,4,7,13,8.6,3.14,47.78
bda_a7,color_lab,6,5,3,2,4,5,3.8,1.17,63.33
ga_a7,deep,1280,604,527,534,581,461,541.4,49.42,42.3
ga_a7,glcm,12,8,5,8,3,4,5.6,2.06,46.67
ga_a7,lbp,18,7,8,8,8,8,7.8,0.4,43.33
ga_a7,color_lab,6,4,4,3,3,3,3.4,0.49,56.67
