arm_a,arm_b,n01,n10,p_value,p_value_holm
EfficientNet,EfficientNet+GLCM,37,34,0.8123803640878846,1.0
EfficientNet,EfficientNet+LBP,40,37,0.8197075378297882,1.0
EfficientNet,EfficientNet+HOG-PCA,39,33,0.5556897902827946,1.0
EfficientNet,EfficientNet+LAB,39,37,0.9086766781799486,1.0
EfficientNet,EfficientNet+GLCM+LBP,43,38,0.6567212865637704,1.0
EfficientNet,EfficientNet+GLCM+LBP+HOG-PCA+LAB,57,43,0.1936009691712205,1.0
EfficientNet,EfficientNet+GLCM+LBP+LAB,55,35,0.04520135297652217,1.0
EfficientNet+GLCM,EfficientNet+LBP,32,32,0.9005235503397742,1.0
EfficientNet+GLCM,EfficientNet+HOG-PCA,39,36,0.8173613313851769,1.0
EfficientNet+GLCM,EfficientNet+LAB,37,38,1.0,1.0
EfficientNet+GLCM,EfficientNet+GLCM+LBP,35,33,0.9034789137192296,1.0
EfficientNet+GLCM,EfficientNet+GLCM+LBP+HOG-PCA+LAB,44,33,0.25445058264633624,1.0
EfficientNet+GLCM,EfficientNet+GLCM+LBP+LAB,45,28,0.061115577534702425,1.0
EfficientNet+LBP,EfficientNet+HOG-PCA,40,37,0.8197075378297882,1.0
EfficientNet+LBP,EfficientNet+LAB,38,39,1.0,1.0
EfficientNet+LBP,EfficientNet+GLCM+LBP,39,37,0.9086766781799486,1.0
EfficientNet+LBP,EfficientNet+GLCM+LBP+HOG-PCA+LAB,43,32,0.24821307898992362,1.0
EfficientNet+LBP,EfficientNet+GLCM+LBP+LAB,50,33,0.07904945825154797,1.0
EfficientNet+HOG-PCA,EfficientNet+LAB,33,37,0.7199178531944465,1.0
EfficientNet+HOG-PCA,EfficientNet+GLCM+LBP,39,40,1.0,1.0
EfficientNet+HOG-PCA,EfficientNet+GLCM+LBP+HOG-PCA+LAB,45,37,0.4395101404445545,1.0
EfficientNet+HOG-PCA,EfficientNet+GLCM+LBP+LAB,50,36,0.1609671969711517,1.0
EfficientNet+LAB,EfficientNet+GLCM+LBP,41,38,0.8219655979326043,1.0
EfficientNet+LAB,EfficientNet+GLCM+LBP+HOG-PCA+LAB,45,33,0.21294627515560094,1.0
EfficientNet+LAB,EfficientNet+GLCM+LBP+LAB,52,34,0.06677920499969492,1.0
EfficientNet+GLCM+LBP,EfficientNet+GLCM+LBP+HOG-PCA+LAB,39,30,0.3355039530729943,1.0
EfficientNet+GLCM+LBP,EfficientNet+GLCM+LBP+LAB,50,35,0.1288850732328901,1.0
EfficientNet+GLCM+LBP+HOG-PCA+LAB,EfficientNet+GLCM+LBP+LAB,40,34,0.5610799295856819,1.0
